Job Title,Rating,Company Name,Location,Size,Type of ownership,Industry,Sector,Competitors,hourly,employer_provided,min_salary,max_salary,avg_salary,company_txt,job_state,same_state,age
Data Scientist,3.8,"Tecolote Research
3.8","Albuquerque, NM",501 to 1000 employees,Company - Private,Aerospace & Defense,Aerospace & Defense,-1,0,0,53,91,72.0,"Tecolote Research
", NM,0,47
Healthcare Data Scientist,3.4,"University of Maryland Medical System
3.4","Linthicum, MD",10000+ employees,Other Organization,Health Care Services & Hospitals,Health Care,-1,0,0,63,112,87.5,"University of Maryland Medical System
", MD,0,36
Data Scientist,4.8,"KnowBe4
4.8","Clearwater, FL",501 to 1000 employees,Company - Private,Security Services,Business Services,-1,0,0,80,90,85.0,KnowBe4, FL,1,10
Data Scientist,3.8,"PNNL
3.8","Richland, WA",1001 to 5000 employees,Government,Energy,"Oil, Gas, Energy & Utilities","Oak Ridge National Laboratory, National Renewable Energy Lab, Los Alamos National Laboratory",0,0,56,97,76.5,"PNNL
", WA,1,55
Data Scientist,2.9,"Affinity Solutions
2.9","New York, NY",51 to 200 employees,Company - Private,Advertising & Marketing,Business Services,"Commerce Signals, Cardlytics, Yodlee",0,0,86,143,114.5,"Affinity Solutions
", NY,1,22
Data Scientist,3.4,"CyrusOne
3.4","Dallas, TX",201 to 500 employees,Company - Public,Real Estate,Real Estate,"Digital Realty, CoreSite, Equinix",0,0,71,119,95.0,"CyrusOne
", TX,1,20
Data Scientist,4.1,"ClearOne Advantage
4.1","Baltimore, MD",501 to 1000 employees,Company - Private,Banks & Credit Unions,Finance,-1,0,0,54,93,73.5,"ClearOne Advantage
", MD,1,12
Data Scientist,3.8,"Logic20/20
3.8","San Jose, CA",201 to 500 employees,Company - Private,Consulting,Business Services,-1,0,0,86,142,114.0,Logic20/20, CA,0,15
Research Scientist,3.3,"Rochester Regional Health
3.3","Rochester, NY",10000+ employees,Hospital,Health Care Services & Hospitals,Health Care,-1,0,0,38,84,61.0,"Rochester Regional Health
", NY,1,6
Data Scientist,4.6,"<intent>
4.6","New York, NY",51 to 200 employees,Company - Private,Internet,Information Technology,"Clicktripz, SmarterTravel",0,0,120,160,140.0,"<intent>
", NY,1,11
Data Scientist,3.5,"Wish
3.5","San Jose, CA",501 to 1000 employees,Company - Private,Other Retail Stores,Retail,-1,0,0,126,201,163.5,"Wish
", CA,0,9
Data Scientist,4.1,"ManTech
4.1","Chantilly, VA",5001 to 10000 employees,Company - Public,Research & Development,Business Services,-1,0,0,64,106,85.0,"ManTech
", VA,0,52
Staff Data Scientist - Technology,3.2,"Walmart
3.2","Plano, TX",10000+ employees,Company - Public,"Department, Clothing, & Shoe Stores",Retail,"Target, Costco Wholesale, Amazon",0,0,106,172,139.0,"Walmart
", TX,0,58
Data Analyst,4.1,"Yesler
4.1","Seattle, WA",201 to 500 employees,Company - Private,Advertising & Marketing,Business Services,-1,0,0,46,85,65.5,"Yesler
", WA,1,8
Data Scientist,3.7,"Takeda Pharmaceuticals
3.7","Cambridge, MA",10000+ employees,Company - Public,Biotech & Pharmaceuticals,Biotech & Pharmaceuticals,"Novartis, Baxter, Pfizer",0,0,83,144,113.5,"Takeda Pharmaceuticals
", MA,0,239
Data Engineer I,3.6,"Audible
3.6","Newark, NJ",1001 to 5000 employees,Subsidiary or Business Segment,Motion Picture Production & Distribution,Media,-1,0,0,102,190,146.0,"Audible
", NJ,1,25
"Scientist I/II, Biology",3.9,"Blueprint Medicines
3.9","Cambridge, MA",51 to 200 employees,Company - Public,Biotech & Pharmaceuticals,Biotech & Pharmaceuticals,"bluebird bio, Agios Pharmaceuticals, Celgene",0,0,67,137,102.0,"Blueprint Medicines
", MA,1,9
Customer Data Scientist,4.3,"h2o.ai
4.3","Mountain View, CA",201 to 500 employees,Company - Private,Enterprise Software & Network Solutions,Information Technology,-1,0,0,118,189,153.5,h2o.ai, CA,1,9
Data Scientist - Health Data Analytics,4.2,"Nuna
4.2","San Francisco, CA",51 to 200 employees,Company - Private,Enterprise Software & Network Solutions,Information Technology,-1,0,0,110,175,142.5,"Nuna
", CA,1,10
Data Scientist,4.0,"Pinnacol Assurance
4.0","Denver, CO",501 to 1000 employees,Nonprofit Organization,Insurance Carriers,Insurance,-1,0,0,64,111,87.5,"Pinnacol Assurance
", CO,1,105
Data Scientist,3.2,"Porch
3.2","Seattle, WA",201 to 500 employees,Company - Private,Internet,Information Technology,"Angie's List, HomeAdvisor, Thumbtack",0,0,81,130,105.5,"Porch
", WA,1,8
Senior Data Scientist / Machine Learning,3.9,"Health IQ
3.9","Dallas, TX",201 to 500 employees,Company - Private,Insurance Agencies & Brokerages,Insurance,-1,0,0,73,119,96.0,"Health IQ
", TX,0,7
Data Scientist - Quantitative,3.8,"Truckstop.com
3.8","Chicago, IL",501 to 1000 employees,Company - Private,Logistics & Supply Chain,Transportation & Logistics,-1,0,0,86,139,112.5,"Truckstop.com
", IL,0,25
Data Scientist,4.3,"SMC 3
4.3","Louisville, KY",51 to 200 employees,Nonprofit Organization,Logistics & Supply Chain,Transportation & Logistics,-1,0,0,63,105,84.0,SMC 3, KY,0,85
Data Scientist,4.0,"Novetta
4.0","Herndon, VA",501 to 1000 employees,Company - Private,Enterprise Software & Network Solutions,Information Technology,"Leidos, CACI International, Booz Allen Hamilton",0,0,109,177,143.0,"Novetta
", VA,0,8
Digital Health Data Scientist,4.0,"Pfizer
4.0","Cambridge, MA",10000+ employees,Company - Public,Biotech & Pharmaceuticals,Biotech & Pharmaceuticals,-1,0,0,63,110,86.5,"Pfizer
", MA,0,171
Data Scientist,3.5,"First Tech Federal Credit Union
3.5","Hillsboro, OR",1001 to 5000 employees,Company - Private,Banks & Credit Unions,Finance,-1,0,0,75,124,99.5,"First Tech Federal Credit Union
", OR,0,68
Associate Data Analyst,3.7,"The Hanover Insurance Group
3.7","Worcester, MA",5001 to 10000 employees,Company - Public,Insurance Carriers,Insurance,-1,0,0,34,61,47.5,"The Hanover Insurance Group
", MA,1,168
Clinical Data Scientist,4.0,"Pfizer
4.0","Groton, CT",10000+ employees,Company - Public,Biotech & Pharmaceuticals,Biotech & Pharmaceuticals,-1,0,0,63,105,84.0,"Pfizer
", CT,0,171
Data Scientist,4.8,"KnowBe4
4.8","Clearwater, FL",501 to 1000 employees,Company - Private,Security Services,Business Services,-1,0,0,80,90,85.0,KnowBe4, FL,1,10
Data Scientist,3.8,"PNNL
3.8","Richland, WA",1001 to 5000 employees,Government,Energy,"Oil, Gas, Energy & Utilities","Oak Ridge National Laboratory, National Renewable Energy Lab, Los Alamos National Laboratory",0,0,56,97,76.5,"PNNL
", WA,1,55
Data Scientist,3.6,"Amrock
3.6","Detroit, MI",1001 to 5000 employees,Company - Private,Real Estate,Real Estate,-1,0,0,72,120,96.0,"Amrock
", MI,1,23
Data Scientist / Machine Learning Expert,3.8,"Novartis
3.8","Cambridge, MA",10000+ employees,Company - Public,Biotech & Pharmaceuticals,Biotech & Pharmaceuticals,-1,0,0,86,143,114.5,"Novartis
", MA,0,24
Data Scientist,3.8,"Juniper Networks
3.8","Sunnyvale, CA",5001 to 10000 employees,Company - Public,Telecommunications Services,Telecommunications,-1,0,0,93,149,121.0,"Juniper Networks
", CA,1,24
Data Scientist,4.7,"New England Biolabs
4.7","Ipswich, MA",201 to 500 employees,Company - Private,Biotech & Pharmaceuticals,Biotech & Pharmaceuticals,"Thermo Fisher Scientific, Enzymatics, Illumina",0,0,85,140,112.5,"New England Biolabs
", MA,1,46
Web Data Analyst,4.2,"Clarity Insights
4.2","San Jose, CA",201 to 500 employees,Company - Private,IT Services,Information Technology,-1,0,0,77,135,106.0,"Clarity Insights
", CA,0,12
Data Scientist,3.5,"Esri
3.5","Redlands, CA",1001 to 5000 employees,Company - Private,Computer Hardware & Software,Information Technology,Pitney Bowes,0,0,82,132,107.0,"Esri
", CA,1,51
Data Scientist,4.7,"Systems & Technology Research
4.7","Woburn, MA",201 to 500 employees,Company - Private,Aerospace & Defense,Aerospace & Defense,-1,0,0,83,137,110.0,"Systems & Technology Research
", MA,1,10
Senior Data Scientist,3.5,"Sartorius
3.5","Fremont, CA",5001 to 10000 employees,Company - Public,Biotech & Pharmaceuticals,Biotech & Pharmaceuticals,-1,0,0,115,180,147.5,"Sartorius
", CA,0,150
Data Engineer,3.5,"Lancer Insurance
3.5","Long Beach, NY",201 to 500 employees,Company - Private,Insurance Carriers,Insurance,-1,0,0,74,138,106.0,"Lancer Insurance
", NY,1,35
Data Analyst,4.2,"Sauce Labs
4.2","San Francisco, CA",201 to 500 employees,Company - Private,IT Services,Information Technology,"BrowserStack, Selenium Master, Perfecto Mobile",0,0,64,112,88.0,"Sauce Labs
", CA,1,12
Data Engineer,3.6,"Persivia
3.6","Marlborough, MA",1 to 50 employees,Company - Private,-1,-1,-1,0,0,68,129,98.5,"Persivia
", MA,0,-1
Data Scientist - Algorithms & Inference,4.2,"Nuna
4.2","San Francisco, CA",51 to 200 employees,Company - Private,Enterprise Software & Network Solutions,Information Technology,-1,0,0,110,175,142.5,"Nuna
", CA,1,10
Scientist,3.4,"Edgewell Personal Care
3.4","Allendale, NJ",5001 to 10000 employees,Company - Public,Consumer Products Manufacturing,Manufacturing,"Unilever, Procter & Gamble, Henkel",0,0,52,113,82.5,"Edgewell Personal Care
", NJ,0,5
Senior Data Scientist,4.3,"Equity Residential
4.3","Chicago, IL",1001 to 5000 employees,Company - Public,Real Estate,Real Estate,"UDR, AvalonBay Communities, Essex Property Trust",0,0,110,150,130.0,"Equity Residential
", IL,1,27
Data Scientist,5.0,"BPA Services
5.0","Washington, DC",Unknown,Company - Private,Enterprise Software & Network Solutions,Information Technology,-1,0,1,150,160,155.0,"BPA Services
", DC,0,-1
Lead Data Scientist,3.7,"Visa Inc.
3.7","Bellevue, WA",10000+ employees,Company - Public,IT Services,Information Technology,"American Express, Mastercard, Discover",0,0,158,211,184.5,"Visa Inc.
", WA,0,62
Associate Data Analyst,3.1,"Intrado
3.1","Longmont, CO",5001 to 10000 employees,Company - Private,Enterprise Software & Network Solutions,Information Technology,-1,0,0,20,39,29.5,"Intrado
", CO,0,34
Spectral Scientist/Engineer,4.7,"Centauri
4.7","Beavercreek, OH",501 to 1000 employees,Company - Private,Aerospace & Defense,Aerospace & Defense,"TASC, Vencore, Booz Allen Hamilton",0,0,56,117,86.5,"Centauri
", OH,0,21
College Hire - Data Scientist - Open to December 2019 Graduates,3.7,"Caterpillar
3.7","Peoria, IL",10000+ employees,Company - Public,Industrial Manufacturing,Manufacturing,"John Deere, Komatsu, CNH Industrial",0,0,63,99,81.0,"Caterpillar
", IL,0,95
Data Scientist,3.8,"Zimmerman Advertising
3.8","Fort Lauderdale, FL",501 to 1000 employees,Subsidiary or Business Segment,Advertising & Marketing,Business Services,-1,0,0,68,114,91.0,"Zimmerman Advertising
", FL,1,36
"Data Scientist, Office of Data Science",3.3,"Liberty Mutual Insurance
3.3","Boston, MA",10000+ employees,Company - Private,Insurance Carriers,Insurance,"Travelers, Allstate, State Farm",0,0,86,143,114.5,"Liberty Mutual Insurance
", MA,1,108
Data Science Analyst,4.6,"Torch Technologies, Inc.
4.6","Huntsville, AL",1001 to 5000 employees,Company - Private,Aerospace & Defense,Aerospace & Defense,-1,0,0,41,95,68.0,"Torch Technologies, Inc.
", AL,1,18
Data Scientist,3.7,"Swiss Re
3.7","Armonk, NY",10000+ employees,Company - Public,Insurance Agencies & Brokerages,Insurance,"Munich Re, Hannover RE, SCOR",0,0,86,144,115.0,"Swiss Re
", NY,0,157
Data Scientist,3.7,"Northrop Grumman
3.7","San Diego, CA",10000+ employees,Company - Public,Aerospace & Defense,Aerospace & Defense,-1,0,0,80,139,109.5,"Northrop Grumman
", CA,0,81
Data Scientist,3.5,"Sartorius
3.5","Albuquerque, NM",5001 to 10000 employees,Company - Public,Biotech & Pharmaceuticals,Biotech & Pharmaceuticals,-1,0,0,56,95,75.5,"Sartorius
", NM,0,150
Data Scientist,4.1,"Netskope
4.1","San Francisco, CA",501 to 1000 employees,Company - Private,Enterprise Software & Network Solutions,Information Technology,"Skyhigh Networks, Zscaler, NortonLifeLock",0,0,120,189,154.5,"Netskope
", CA,0,8
Data Scientist,4.7,"1904labs
4.7","Saint Louis, MO",51 to 200 employees,Company - Private,IT Services,Information Technology,"Slalom, Daugherty Business Solutions",0,0,111,176,143.5,1904labs, MO,1,4
Data Scientist,4.1,"ClearOne Advantage
4.1","Baltimore, MD",501 to 1000 employees,Company - Private,Banks & Credit Unions,Finance,-1,0,0,54,93,73.5,"ClearOne Advantage
", MD,1,12
Data Scientist,3.4,"CyrusOne
3.4","Dallas, TX",201 to 500 employees,Company - Public,Real Estate,Real Estate,"Digital Realty, CoreSite, Equinix",0,0,71,119,95.0,"CyrusOne
", TX,1,20
Senior Data Scientist,4.4,"The David J. Joseph Company
4.4","Cincinnati, OH",201 to 500 employees,Subsidiary or Business Segment,Metals Brokers,Mining & Metals,-1,0,0,82,132,107.0,"The David J. Joseph Company
", OH,1,135
Data Scientist,4.3,"USEReady
4.3","New York, NY",201 to 500 employees,Company - Private,Consulting,Business Services,-1,0,0,84,146,115.0,"USEReady
", NY,1,9
Senior Risk Data Scientist,3.8,"Bill.com
3.8","Palo Alto, CA",501 to 1000 employees,Company - Public,Financial Transaction Processing,Finance,-1,0,0,107,172,139.5,"Bill.com
", CA,1,14
Data Scientist in Artificial Intelligence Early Career,3.8,"Pacific Northwest National Laboratory
3.8","Richland, WA",1001 to 5000 employees,Government,Energy,"Oil, Gas, Energy & Utilities","Oak Ridge National Laboratory, National Renewable Energy Lab, Los Alamos National Laboratory",0,0,49,85,67.0,"Pacific Northwest National Laboratory
", WA,1,55
Data Scientist,3.8,"DICK'S Sporting Goods - Corporate
3.8","Coraopolis, PA",10000+ employees,Company - Public,Sporting Goods Stores,Retail,"REI, Academy Sports + Outdoors, Cabela's",0,0,61,109,85.0,"DICK'S Sporting Goods - Corporate
", PA,1,72
Data Scientist,2.8,"Berg Health
2.8","Framingham, MA",51 to 200 employees,Company - Private,Biotech & Pharmaceuticals,Biotech & Pharmaceuticals,-1,0,0,88,148,118.0,"Berg Health
", MA,1,14
Data Scientist,4.7,"Oversight Systems
4.7","Atlanta, GA",51 to 200 employees,Company - Private,Computer Hardware & Software,Information Technology,-1,0,0,60,99,79.5,"Oversight Systems
", GA,1,17
Data Scientist - Research,3.1,"C Space
3.1","Boston, MA",201 to 500 employees,Company - Public,Advertising & Marketing,Business Services,"IDEO, Gongos, Inc., Ipsos",0,0,41,72,56.5,"C Space
", MA,1,21
Data Scientist,3.2,"Numeric, LLC
3.2","Philadelphia, PA",1 to 50 employees,Company - Private,Staffing & Outsourcing,Business Services,-1,0,0,96,161,128.5,"Numeric, LLC
", PA,0,-1
R&D Data Analysis Scientist,4.0,"HP Inc.
4.0","Vancouver, WA",10000+ employees,Company - Public,Computer Hardware & Software,Information Technology,-1,0,0,65,130,97.5,"HP Inc.
", WA,0,81
Analytics Consultant,4.4,"SpringML
4.4","Indianapolis, IN",1 to 50 employees,Company - Private,Enterprise Software & Network Solutions,Information Technology,-1,0,0,52,81,66.5,"SpringML
", IN,0,5
"Director, Data Science",3.6,"Grainger
3.6","Lake Forest, IL",10000+ employees,Company - Public,Wholesale,Business Services,-1,0,0,139,220,179.5,"Grainger
", IL,1,93
Scientist,2.7,"EAG Laboratories
2.7","Maryland Heights, MO",501 to 1000 employees,Subsidiary or Business Segment,Research & Development,Business Services,-1,0,0,50,102,76.0,"EAG Laboratories
", MO,0,42
Data Scientist SR,3.9,"The Buffalo Group
3.9","Charlottesville, VA",501 to 1000 employees,Company - Private,IT Services,Information Technology,"ManTech, Booz Allen Hamilton, Leidos",0,0,85,139,112.0,"The Buffalo Group
", VA,0,10
Data Scientist,3.1,"Carmeuse
3.1","Pittsburgh, PA",1001 to 5000 employees,Company - Private,Mining,Mining & Metals,"Lhoist, Graymont, Sibelco Group",0,0,74,122,98.0,"Carmeuse
", PA,0,160
R&D Sr Data Scientist,4.0,"HP Inc.
4.0","Vancouver, WA",10000+ employees,Company - Public,Computer Hardware & Software,Information Technology,-1,0,0,99,157,128.0,"HP Inc.
", WA,0,81
Customer Data Scientist/Sales Engineer (Bay,4.3,"h2o.ai
4.3","Mountain View, CA",201 to 500 employees,Company - Private,Enterprise Software & Network Solutions,Information Technology,-1,0,0,79,222,150.5,h2o.ai, CA,1,9
Research Scientist,1.9,"GNS Healthcare
1.9","Cambridge, MA",51 to 200 employees,Company - Private,Biotech & Pharmaceuticals,Biotech & Pharmaceuticals,-1,0,0,57,118,87.5,"GNS Healthcare
", MA,1,20
Data Scientist,3.3,"Peraton
3.3","Chantilly, VA",1001 to 5000 employees,Company - Private,Aerospace & Defense,Aerospace & Defense,-1,0,0,83,137,110.0,"Peraton
", VA,0,3
Data Scientist,4.4,"Pactera
4.4","San Jose, CA",10000+ employees,Company - Private,IT Services,Information Technology,"Infosys, EPAM, Accenture",0,0,86,141,113.5,"Pactera
", CA,0,25
Data Scientist,3.9,"Nurx
3.9","San Francisco, CA",51 to 200 employees,Company - Private,Health Care Services & Hospitals,Health Care,-1,0,0,94,154,124.0,"Nurx
", CA,1,4
Jr. Business Data Analyst,4.7,"webfx.com
4.7","Harrisburg, PA",201 to 500 employees,Company - Private,Advertising & Marketing,Business Services,-1,0,0,37,76,56.5,"webfx.com
", PA,1,23
Data Scientist,4.5,"Johns Hopkins University Applied Physics Laboratory
4.5","Laurel, MD",5001 to 10000 employees,Nonprofit Organization,Aerospace & Defense,Aerospace & Defense,"MIT Lincoln Laboratory, Lockheed Martin, Northrop Grumman",0,0,100,160,130.0,"Johns Hopkins University Applied Physics Laboratory
", MD,1,78
Data Analyst,4.3,"Productive Edge
4.3","Chicago, IL",51 to 200 employees,Company - Private,Computer Hardware & Software,Information Technology,"Numerator, Rise Interactive, Salom",0,0,55,100,77.5,"Productive Edge
", IL,1,12
Data Engineer,4.0,"Excella Consulting
4.0","Arlington, VA",201 to 500 employees,Company - Private,Consulting,Business Services,-1,0,0,60,114,87.0,"Excella Consulting
", VA,1,18
Data Analyst,4.4,"Gensco
4.4","Tacoma, WA",501 to 1000 employees,Company - Private,Wholesale,Business Services,-1,0,0,39,68,53.5,"Gensco
", WA,1,72
Staff Data Scientist - Technology,3.2,"Walmart
3.2","Plano, TX",10000+ employees,Company - Public,"Department, Clothing, & Shoe Stores",Retail,"Target, Costco Wholesale, Amazon",0,0,106,172,139.0,"Walmart
", TX,0,58
Data Scientist,3.8,"Logic20/20
3.8","San Jose, CA",201 to 500 employees,Company - Private,Consulting,Business Services,-1,0,0,86,142,114.0,Logic20/20, CA,0,15
Data Scientist,4.2,"goTRG
4.2","Miami, FL",501 to 1000 employees,Company - Private,Enterprise Software & Network Solutions,Information Technology,-1,0,0,64,107,85.5,"goTRG
", FL,1,12
Data Management Specialist,4.5,"NMR Consulting
4.5","Huntsville, AL",51 to 200 employees,Company - Private,IT Services,Information Technology,-1,0,0,31,65,48.0,"NMR Consulting
", AL,0,24
E-Commerce Data Analyst,3.5,"iSeatz
3.5","New Orleans, LA",51 to 200 employees,Company - Private,Enterprise Software & Network Solutions,Information Technology,-1,0,0,34,62,48.0,"iSeatz
", LA,1,21
Sr. Scientist II,3.5,"Nektar Therapeutics
3.5","San Francisco, CA",201 to 500 employees,Company - Public,Biotech & Pharmaceuticals,Biotech & Pharmaceuticals,"Bristol-Myers Squibb, Merck, GlaxoSmithKline",0,0,117,231,174.0,"Nektar Therapeutics
", CA,1,30
Insurance Data Scientist,3.9,"TransUnion
3.9","Atlanta, GA",5001 to 10000 employees,Company - Public,Financial Analytics & Research,Finance,-1,0,0,64,106,85.0,"TransUnion
", GA,0,52
Data Modeler,4.7,"IT Concepts
4.7","Landover, MD",51 to 200 employees,Company - Private,IT Services,Information Technology,-1,0,0,79,134,106.5,"IT Concepts
", MD,0,17
Data Analyst / Scientist,4.2,"Scientific Research Corporation
4.2","Patuxent River, MD",1001 to 5000 employees,Company - Private,IT Services,Information Technology,-1,0,0,52,93,72.5,"Scientific Research Corporation
", MD,0,32
Scientist,3.4,"General Dynamics Information Technology
3.4","Suitland, MD",10000+ employees,Subsidiary or Business Segment,IT Services,Information Technology,"SAIC, Leidos, Northrop Grumman",0,0,55,116,85.5,"General Dynamics Information Technology
", MD,0,24
Data Scientist,3.2,"MITRE
3.2","McLean, VA",5001 to 10000 employees,Nonprofit Organization,Federal Agencies,Government,"Battelle, General Atomics, SAIC",0,0,72,123,97.5,"MITRE
", VA,0,62
Data Scientist,3.9,"The Buffalo Group
3.9","Fort Belvoir, VA",501 to 1000 employees,Company - Private,IT Services,Information Technology,"ManTech, Booz Allen Hamilton, Leidos",0,0,74,124,99.0,"The Buffalo Group
", VA,0,10
Data Analyst,3.1,"DentaQuest
3.1","Milwaukee, WI",1001 to 5000 employees,Company - Private,Insurance Carriers,Insurance,"MCNA Dental Plans, United Concordia, Delta Dental Plans Association",0,0,40,73,56.5,"DentaQuest
", WI,0,19
Lead Data Scientist,4.1,"Redjack
4.1","Silver Spring, MD",1 to 50 employees,Company - Private,IT Services,Information Technology,-1,0,0,102,164,133.0,"Redjack
", MD,1,13
Data Scientist,3.8,"7Park Data
3.8","New York, NY",51 to 200 employees,Company - Private,Research & Development,Business Services,-1,0,0,89,153,121.0,7Park Data, NY,1,8
Data Scientist,4.7,"Rapid Response Monitoring
4.7","Syracuse, NY",501 to 1000 employees,Company - Private,Security Services,Business Services,"COPS Monitoring, National Monitoring Center, Affiliated Monitoring",0,0,61,110,85.5,"Rapid Response Monitoring
", NY,1,28
"Data Scientist, Rice University",4.3,"Trilogy Ed
4.3","Houston, TX",1001 to 5000 employees,Subsidiary or Business Segment,Education Training Services,Education,"General Assembly, Kaplan University, Ironhack",0,0,65,110,87.5,"Trilogy Ed
", TX,0,5
Senior Data Scientist,4.2,"Gallup
4.2","Washington, DC",1001 to 5000 employees,Company - Private,Consulting,Business Services,"Advisory Board, Booz Allen Hamilton, McKinsey & Company",0,0,200,275,237.5,"Gallup
", DC,1,85
Data Engineer,3.9,"CapTech
3.9","Charlotte, NC",1001 to 5000 employees,Company - Private,IT Services,Information Technology,"Accenture, North Highland, Deloitte",0,0,68,123,95.5,"CapTech
", NC,0,23
Senior Data Scientist,3.3,"American Axle & Manufacturing
3.3","Southfield, MI",10000+ employees,Company - Public,Transportation Equipment Manufacturing,Manufacturing,-1,0,0,80,129,104.5,"American Axle & Manufacturing
", MI,0,26
Financial Data Analyst,4.7,"CentralReach
4.7","Matawan, NJ",201 to 500 employees,Company - Private,Computer Hardware & Software,Information Technology,"DataFinch Technologies, Accupoint Software Solution, CodeMetro",0,0,41,72,56.5,"CentralReach
", NJ,0,8
Senior Data Analyst,4.3,"Integrate
4.3","Phoenix, AZ",201 to 500 employees,Company - Private,Enterprise Software & Network Solutions,Information Technology,-1,0,0,39,71,55.0,"Integrate
", AZ,1,10
Research Scientist,2.9,"Boys Town Hospital
2.9","Omaha, NE",1001 to 5000 employees,Hospital,Health Care Services & Hospitals,Health Care,"Nebraska Medicine, Children's Hospital & Medical Center, Methodist Health System - NE and IA",0,0,38,85,61.5,"Boys Town Hospital
", NE,1,43
Data Scientist,4.5,"Demandbase
4.5","San Francisco, CA",201 to 500 employees,Company - Private,Computer Hardware & Software,Information Technology,"Engagio, Bombora, Terminus",0,0,121,193,157.0,"Demandbase
", CA,1,14
Data Engineer,3.4,"Sapphire Digital
3.4","Lyndhurst, NJ",201 to 500 employees,Company - Private,Internet,Information Technology,"Zocdoc, Healthgrades",0,0,54,102,78.0,"Sapphire Digital
", NJ,1,1
Data Scientist,3.7,"Takeda Pharmaceuticals
3.7","Cambridge, MA",10000+ employees,Company - Public,Biotech & Pharmaceuticals,Biotech & Pharmaceuticals,"Novartis, Baxter, Pfizer",0,0,83,144,113.5,"Takeda Pharmaceuticals
", MA,0,239
Data Scientist,4.6,"<intent>
4.6","New York, NY",51 to 200 employees,Company - Private,Internet,Information Technology,"Clicktripz, SmarterTravel",0,0,120,160,140.0,"<intent>
", NY,1,11
Data Scientist,3.2,"Formation
3.2","San Francisco, CA",51 to 200 employees,Company - Private,Enterprise Software & Network Solutions,Information Technology,-1,0,0,102,163,132.5,"Formation
", CA,1,5
Data Engineer,4.0,"Autodesk
4.0","San Francisco, CA",5001 to 10000 employees,Company - Public,Computer Hardware & Software,Information Technology,-1,0,0,76,140,108.0,"Autodesk
", CA,0,38
Ag Data Scientist,4.6,"Beck's Hybrids
4.6","Atlanta, IN",501 to 1000 employees,Company - Private,Farm Support Services,Agriculture & Forestry,-1,0,0,60,101,80.5,"Beck's Hybrids
", IN,1,83
Data Scientist,2.8,"DrFirst
2.8","Rockville, MD",201 to 500 employees,Company - Private,Health Care Services & Hospitals,Health Care,-1,0,0,82,133,107.5,"DrFirst
", MD,1,20
Data Engineer,4.7,"Object Partners
4.7","Minneapolis, MN",51 to 200 employees,Company - Private,Consulting,Business Services,"Solution Design Group, Intertech (Minnesota)",0,0,65,125,95.0,"Object Partners
", MN,1,24
Data Scientist II,3.0,"L.A. Care Health Plan
3.0","Los Angeles, CA",1001 to 5000 employees,Nonprofit Organization,Health Care Services & Hospitals,Health Care,"Health Net, Kaiser Permanente, Molina Healthcare",0,0,91,148,119.5,"L.A. Care Health Plan
", CA,1,23
Senior Data Engineer,3.2,"Red Ventures
3.2","Charlotte, NC",1001 to 5000 employees,Company - Private,Advertising & Marketing,Business Services,"Clearlink, Credit Karma, LendingTree",0,0,95,173,134.0,"Red Ventures
", NC,0,20
Data Scientist,4.4,"Quick Base
4.4","Cambridge, MA",201 to 500 employees,Company - Private,Enterprise Software & Network Solutions,Information Technology,-1,0,0,77,124,100.5,"Quick Base
", MA,1,21
Data Scientist,3.5,"The E.W. Scripps Company
3.5","Cincinnati, OH",1001 to 5000 employees,Company - Public,TV Broadcast & Cable Networks,Media,-1,0,0,80,135,107.5,"The E.W. Scripps Company
", OH,1,142
Data Engineer,4.0,"Upside Business Travel
4.0","Washington, DC",51 to 200 employees,Company - Private,Internet,Information Technology,-1,0,0,85,159,122.0,"Upside Business Travel
", DC,1,5
Data Engineer,4.3,"Equity Residential
4.3","Chicago, IL",1001 to 5000 employees,Company - Public,Real Estate,Real Estate,"UDR, AvalonBay Communities, Essex Property Trust",0,0,80,105,92.5,"Equity Residential
", IL,1,27
Data Analyst,2.3,"Synagro
2.3","Baltimore, MD",501 to 1000 employees,Company - Private,Research & Development,Business Services,-1,0,0,43,81,62.0,"Synagro
", MD,1,34
Project Scientist,4.0,"Alliance Source Testing
4.0","Alabaster, AL",51 to 200 employees,Unknown,Architectural & Engineering Services,Business Services,-1,0,0,29,50,39.5,"Alliance Source Testing
", AL,0,20
Data Scientist,3.6,"Accuride International
3.6","Santa Fe Springs, Los Angeles, CA",1001 to 5000 employees,Company - Private,Industrial Manufacturing,Manufacturing,-1,0,0,82,133,107.5,"Accuride International
", Los Angeles,0,54
Data Analytics Manager,3.8,"Full Potential Solutions
3.8","Kansas City, MO",501 to 1000 employees,Company - Private,Staffing & Outsourcing,Business Services,-1,0,0,26,55,40.5,"Full Potential Solutions
", MO,1,3
Senior Machine Learning (ML) Engineer / Data Scientist - Cyber Security Analytics,3.7,"Visa Inc.
3.7","Ashburn, VA",10000+ employees,Company - Public,IT Services,Information Technology,"American Express, Mastercard, Discover",0,0,61,118,89.5,"Visa Inc.
", VA,0,62
Data Scientist,4.4,"Maven Wave Partners
4.4","Chicago, IL",201 to 500 employees,Company - Private,Consulting,Business Services,-1,0,0,60,102,81.0,"Maven Wave Partners
", IL,1,12
Senior Data Scientist,4.0,"Novetta
4.0","Herndon, VA",501 to 1000 employees,Company - Private,Enterprise Software & Network Solutions,Information Technology,"Leidos, CACI International, Booz Allen Hamilton",0,0,112,182,147.0,"Novetta
", VA,0,8
Data Scientist,3.2,"First Command Financial Services, Inc.
3.2","Fort Worth, TX",1001 to 5000 employees,Company - Private,Brokerage Services,Finance,"USAA, Navy Federal Credit Union, Raymond James Financial",0,0,64,106,85.0,"First Command Financial Services, Inc.
", TX,1,62
Associate Scientist,2.9,"Pharmavite
2.9","Valencia, CA",1001 to 5000 employees,Company - Private,Consumer Products Manufacturing,Manufacturing,"The Nature's Bounty Co., Schiff Nutrition International",0,0,51,112,81.5,"Pharmavite
", CA,0,49
"Scientist 2, QC Viral Vector",3.8,"BioMarin Pharmaceutical
3.8","Novato, CA",1001 to 5000 employees,Company - Public,Biotech & Pharmaceuticals,Biotech & Pharmaceuticals,"Genentech, Ultragenyx Pharmaceutical, Gilead Sciences",0,0,113,223,168.0,"BioMarin Pharmaceutical
", CA,0,23
Machine Learning Engineer,4.3,"Stratagem Group
4.3","Aurora, CO",1 to 50 employees,Company - Private,Aerospace & Defense,Aerospace & Defense,-1,0,0,72,129,100.5,"Stratagem Group
", CO,1,13
Data Scientist/ML Engineer,3.4,"PA Consulting
3.4","New York, NY",1001 to 5000 employees,Company - Private,Consulting,Business Services,"McKinsey & Company, Accenture, Deloitte",0,0,71,123,97.0,"PA Consulting
", NY,0,77
Data Scientist,4.1,"ManTech
4.1","Chantilly, VA",5001 to 10000 employees,Company - Public,Research & Development,Business Services,-1,0,0,64,106,85.0,"ManTech
", VA,0,52
Customer Data Scientist,4.3,"h2o.ai
4.3","Mountain View, CA",201 to 500 employees,Company - Private,Enterprise Software & Network Solutions,Information Technology,-1,0,0,118,189,153.5,h2o.ai, CA,1,9
Data Engineer,5.0,"Gridiron IT
5.0","Tampa, FL",51 to 200 employees,Company - Private,IT Services,Information Technology,-1,0,1,120,145,132.5,"Gridiron IT
", FL,0,3
Data Engineer,4.3,"Productive Edge
4.3","Chicago, IL",51 to 200 employees,Company - Private,Computer Hardware & Software,Information Technology,"Numerator, Rise Interactive, Salom",0,0,80,120,100.0,"Productive Edge
", IL,1,12
Sr. Data Scientist,3.7,"Evolve Vacation Rental
3.7","Denver, CO",201 to 500 employees,Company - Private,Travel Agencies,Travel & Tourism,-1,0,0,80,130,105.0,"Evolve Vacation Rental
", CO,1,9
Data Engineer 4 - Contract,4.2,"The Church of Jesus Christ of Latter-day Saints
4.2","Riverton, UT",10000+ employees,Nonprofit Organization,Religious Organizations,Non-Profit,-1,0,0,59,115,87.0,"The Church of Jesus Christ of Latter-day Saints
", UT,0,-1
Data Analyst - Asset Management,4.3,"Maximus Real Estate Partners
4.3","San Francisco, CA",51 to 200 employees,Company - Private,Real Estate,Real Estate,"Greystar, The Related Companies, Prometheus Real Estate Group",0,0,71,136,103.5,"Maximus Real Estate Partners
", CA,1,7
Senior Research Scientist - Embedded System Development for DevOps,2.6,"Software Engineering Institute
2.6","Pittsburgh, PA",501 to 1000 employees,College / University,Colleges & Universities,Education,-1,0,0,81,167,124.0,"Software Engineering Institute
", PA,1,36
Data Scientist - Bioinformatics,3.8,"PNNL
3.8","Richland, WA",1001 to 5000 employees,Government,Energy,"Oil, Gas, Energy & Utilities","Oak Ridge National Laboratory, National Renewable Energy Lab, Los Alamos National Laboratory",0,0,49,85,67.0,"PNNL
", WA,1,55
Data Engineer,3.9,"AVANADE
3.9","Washington, DC",10000+ employees,Company - Private,IT Services,Information Technology,"Slalom, Cognizant Technology Solutions, Deloitte",0,0,60,114,87.0,"AVANADE
", DC,0,20
Customer Data Scientist/Sales Engineer,4.3,"h2o.ai
4.3","Chicago, IL",201 to 500 employees,Company - Private,Enterprise Software & Network Solutions,Information Technology,-1,0,0,71,204,137.5,h2o.ai, IL,0,9
Lead Data Scientist,3.8,"PatientPoint
3.8","Cincinnati, OH",201 to 500 employees,Company - Private,Advertising & Marketing,Business Services,"Outcome Health, Health Media Network, Mesmerize Marketing",0,0,75,125,100.0,"PatientPoint
", OH,1,33
MongoDB Data Engineer II,3.8,"BlueCross BlueShield of Tennessee
3.8","Chattanooga, TN",5001 to 10000 employees,Nonprofit Organization,Insurance Carriers,Insurance,-1,0,0,77,136,106.5,"BlueCross BlueShield of Tennessee
", TN,1,75
Senior Data Scientist Statistics,3.8,"PNNL
3.8","Richland, WA",1001 to 5000 employees,Government,Energy,"Oil, Gas, Energy & Utilities","Oak Ridge National Laboratory, National Renewable Energy Lab, Los Alamos National Laboratory",0,0,74,123,98.5,"PNNL
", WA,1,55
Senior Data Analyst,4.8,"KnowBe4
4.8","Clearwater, FL",501 to 1000 employees,Company - Private,Security Services,Business Services,-1,0,0,44,78,61.0,KnowBe4, FL,1,10
Senior Spark Engineer (Data Science),4.4,"KSM Consulting
4.4","Indianapolis, IN",51 to 200 employees,Company - Private,Consulting,Business Services,-1,0,0,65,148,106.5,"KSM Consulting
", IN,1,12
Data Engineer,3.9,"Cogo Labs
3.9","Cambridge, MA",51 to 200 employees,Company - Private,Internet,Information Technology,-1,0,0,59,110,84.5,"Cogo Labs
", MA,1,15
BI & Platform Analytics Manager,3.4,"Church & Dwight
3.4","Ewing, NJ",1001 to 5000 employees,Company - Public,Consumer Products Manufacturing,Manufacturing,-1,0,0,85,134,109.5,"Church & Dwight
", NJ,1,174
Lead Data Scientist,3.6,"MassMutual
3.6","Boston, MA",5001 to 10000 employees,Company - Private,Insurance Carriers,Insurance,-1,0,0,124,204,164.0,"MassMutual
", MA,0,169
"Sr. Data Scientist - Analytics, Personalized Healthcare (PHC)",3.9,"Genentech
3.9","South San Francisco, CA",10000+ employees,Subsidiary or Business Segment,Biotech & Pharmaceuticals,Biotech & Pharmaceuticals,-1,0,0,131,207,169.0,"Genentech
", CA,1,44
Senior Data Scientist,3.8,"Juniper Networks
3.8","Cupertino, CA",5001 to 10000 employees,Company - Public,Telecommunications Services,Telecommunications,-1,0,0,110,174,142.0,"Juniper Networks
", CA,0,24
Pricipal Scientist Molecular and cellular biologist,3.7,"Takeda Pharmaceuticals
3.7","Boston, MA",10000+ employees,Company - Public,Biotech & Pharmaceuticals,Biotech & Pharmaceuticals,"Novartis, Baxter, Pfizer",0,0,52,101,76.5,"Takeda Pharmaceuticals
", MA,0,239
"Data Scientist (Actuary, FSA or ASA)",3.8,"Legal & General America
3.8","Frederick, MD",501 to 1000 employees,Company - Private,Insurance Carriers,Insurance,-1,0,0,81,133,107.0,"Legal & General America
", MD,1,39
Staff Data Scientist,3.5,"Western Digital
3.5","San Jose, CA",10000+ employees,Company - Public,Computer Hardware & Software,Information Technology,"Seagate Technology, Toshiba",0,0,132,211,171.5,"Western Digital
", CA,1,50
Senior Data Scientist / Machine Learning,3.9,"Health IQ
3.9","Dallas, TX",201 to 500 employees,Company - Private,Insurance Agencies & Brokerages,Insurance,-1,0,0,73,119,96.0,"Health IQ
", TX,0,7
Data Scientist - Health Data Analytics,4.2,"Nuna
4.2","San Francisco, CA",51 to 200 employees,Company - Private,Enterprise Software & Network Solutions,Information Technology,-1,0,0,110,175,142.5,"Nuna
", CA,1,10
Data Engineer 5 - Contract (Remote),4.2,"The Church of Jesus Christ of Latter-day Saints
4.2","Riverton, UT",10000+ employees,Nonprofit Organization,Religious Organizations,Non-Profit,-1,0,0,74,140,107.0,"The Church of Jesus Christ of Latter-day Saints
", UT,0,-1
Senior Scientist - Neuroscience,3.5,"Sunovion
3.5","Marlborough, MA",1001 to 5000 employees,Company - Private,Biotech & Pharmaceuticals,Biotech & Pharmaceuticals,"Shire, GlaxoSmithKline, Allergan",0,0,100,190,145.0,"Sunovion
", MA,1,10
Senior Data Analyst,2.9,"National Student Clearinghouse
2.9","Herndon, VA",201 to 500 employees,Nonprofit Organization,Colleges & Universities,Education,"Ellucian, Parchment, College Board",0,0,43,80,61.5,"National Student Clearinghouse
", VA,1,27
Medical Lab Scientist,3.6,"Tower Health
3.6","West Reading, PA",5001 to 10000 employees,Nonprofit Organization,Health Care Services & Hospitals,Health Care,-1,1,0,17,24,20.5,"Tower Health
", PA,0,3
"Risk and Analytics IT, Data Scientist",2.7,"State of Wisconsin Investment Board
2.7","Madison, WI",51 to 200 employees,Government,Investment Banking & Asset Management,Finance,-1,0,0,91,149,120.0,"State of Wisconsin Investment Board
", WI,1,69
"Scientist, Analytical Development",4.4,"Rubius Therapeutics
4.4","Cambridge, MA",201 to 500 employees,Company - Public,Biotech & Pharmaceuticals,Biotech & Pharmaceuticals,-1,0,0,42,82,62.0,"Rubius Therapeutics
", MA,1,7
Senior Data Scientist,4.0,"Autodesk
4.0","San Francisco, CA",5001 to 10000 employees,Company - Public,Computer Hardware & Software,Information Technology,-1,0,0,116,185,150.5,"Autodesk
", CA,0,38
Analytics Manager,4.3,"OneMagnify
4.3","Dearborn, MI",201 to 500 employees,Company - Private,Advertising & Marketing,Business Services,-1,0,0,59,116,87.5,"OneMagnify
", MI,0,53
Data Engineer,4.2,"IZEA
4.2","Winter Park, FL",51 to 200 employees,Company - Public,Advertising & Marketing,Business Services,"Linqia, Collective Bias",0,0,48,95,71.5,"IZEA
", FL,1,14
Digital Marketing & ECommerce Data Analyst,3.6,"Vionic Group
3.6","San Rafael, CA",51 to 200 employees,Subsidiary or Business Segment,"Department, Clothing, & Shoe Stores",Retail,-1,0,0,31,72,51.5,"Vionic Group
", CA,1,14
Sr. Scientist - Digital & Image Analysis/Computational Pathology,3.7,"Takeda Pharmaceuticals
3.7","San Diego, CA",10000+ employees,Company - Public,Biotech & Pharmaceuticals,Biotech & Pharmaceuticals,"Novartis, Baxter, Pfizer",0,0,105,198,151.5,"Takeda Pharmaceuticals
", CA,0,239
Senior Data Analyst,2.8,"Dodge Data & Analytics
2.8","Hamilton, NJ",201 to 500 employees,Company - Private,IT Services,Information Technology,-1,0,0,55,100,77.5,"Dodge Data & Analytics
", NJ,1,6
Principal Scientist - Immunologist,3.7,"Takeda Pharmaceuticals
3.7","Boston, MA",10000+ employees,Company - Public,Biotech & Pharmaceuticals,Biotech & Pharmaceuticals,"Novartis, Baxter, Pfizer",0,0,98,182,140.0,"Takeda Pharmaceuticals
", MA,0,239
Senior Data Scientist,3.3,"Plymouth Rock Assurance
3.3","Woodbridge, NJ",1001 to 5000 employees,Company - Private,Insurance Carriers,Insurance,"Arbella Insurance, Safety Insurance",0,0,73,124,98.5,"Plymouth Rock Assurance
", NJ,0,38
Principal Data Scientist with over 10 years experience,-1.0,CA-One Tech Cloud,"San Francisco, CA",51 to 200 employees,Company - Private,IT Services,Information Technology,-1,0,1,200,250,225.0,CA-One Tech Cloud, CA,0,3
MED TECH/LAB SCIENTIST - LABORATORY,3.6,"Beebe Healthcare
3.6","Lewes, DE",1001 to 5000 employees,Nonprofit Organization,Health Care Services & Hospitals,Health Care,-1,1,0,21,34,27.5,"Beebe Healthcare
", DE,1,85
"Sr. Scientist, Quantitative Translational Sciences",3.7,"Takeda Pharmaceuticals
3.7","Boston, MA",10000+ employees,Company - Public,Biotech & Pharmaceuticals,Biotech & Pharmaceuticals,"Novartis, Baxter, Pfizer",0,0,117,206,161.5,"Takeda Pharmaceuticals
", MA,0,239
Sr. Data Scientist II,3.4,"Argo Group US
3.4","New York, NY",1001 to 5000 employees,Company - Public,Insurance Carriers,Insurance,-1,0,0,111,183,147.0,"Argo Group US
", NY,0,72
Excel / VBA / SQL Data Analyst,4.1,"Associated Electric Cooperative
4.1","Springfield, MO",501 to 1000 employees,Company - Private,Energy,"Oil, Gas, Energy & Utilities",-1,0,0,44,78,61.0,"Associated Electric Cooperative
", MO,1,59
Machine Learning Research Scientist,2.6,"Software Engineering Institute
2.6","Pittsburgh, PA",501 to 1000 employees,College / University,Colleges & Universities,Education,-1,0,0,81,159,120.0,"Software Engineering Institute
", PA,1,36
"VP, Data Science",3.2,"PennyMac
3.2","Phoenix, AZ",1001 to 5000 employees,Company - Public,Lending,Finance,"Nationstar Mortgage, Caliber Funding, Quicken Loans",0,0,83,166,124.5,"PennyMac
", AZ,0,12
Senior Data Scientist,3.9,"Zest AI
3.9","Burbank, CA",51 to 200 employees,Company - Private,Financial Analytics & Research,Finance,-1,0,0,114,182,148.0,"Zest AI
", CA,1,11
Radar Data Analyst,4.7,"DECISIVE ANALYTICS Corporation
4.7","Huntsville, AL",51 to 200 employees,Company - Private,Aerospace & Defense,Aerospace & Defense,"Torch Technologies, American Systems",0,0,42,76,59.0,"DECISIVE ANALYTICS Corporation
", AL,0,24
PL Actuarial-Lead Data Scientist,3.7,"The Hanover Insurance Group
3.7","Worcester, MA",5001 to 10000 employees,Company - Public,Insurance Carriers,Insurance,-1,0,0,114,179,146.5,"The Hanover Insurance Group
", MA,1,168
PV Scientist,2.9,"Karyopharm Therapeutics Inc.
2.9","Newton, MA",201 to 500 employees,Company - Public,Biotech & Pharmaceuticals,Biotech & Pharmaceuticals,-1,0,0,60,123,91.5,"Karyopharm Therapeutics Inc.
", MA,1,-1
Senior Data & Machine Learning Scientist,3.0,"Tempus Labs
3.0","Chicago, IL",501 to 1000 employees,Company - Private,Biotech & Pharmaceuticals,Biotech & Pharmaceuticals,-1,0,0,100,166,133.0,"Tempus Labs
", IL,1,5
Principal Data Scientist (Computational Chemistry),4.7,"Recursion Pharmaceuticals
4.7","Salt Lake City, UT",51 to 200 employees,Company - Private,Biotech & Pharmaceuticals,Biotech & Pharmaceuticals,-1,0,0,108,173,140.5,"Recursion Pharmaceuticals
", UT,1,7
Data Engineer,3.7,"P2 Energy Solutions
3.7","Lafayette, LA",501 to 1000 employees,Company - Private,Computer Hardware & Software,Information Technology,-1,0,0,48,93,70.5,P2 Energy Solutions, LA,0,-1
"Principal Scientist, Chemistry & Immunology",3.3,"Rochester Regional Health
3.3","Rochester, NY",10000+ employees,Hospital,Health Care Services & Hospitals,Health Care,-1,0,0,54,115,84.5,"Rochester Regional Health
", NY,1,6
Software Engineer - Data Visualization,4.0,"ClearEdge
4.0","Annapolis Junction, MD",51 to 200 employees,Company - Private,Computer Hardware & Software,Information Technology,-1,0,0,60,127,93.5,"ClearEdge
", MD,1,18
"Scientist/Senior Scientist, Autoimmune",4.4,"Rubius Therapeutics
4.4","Cambridge, MA",201 to 500 employees,Company - Public,Biotech & Pharmaceuticals,Biotech & Pharmaceuticals,-1,0,0,90,179,134.5,"Rubius Therapeutics
", MA,1,7
Staff Machine Learning Engineer,3.9,"Tapjoy
3.9","San Francisco, CA",201 to 500 employees,Company - Private,Internet,Information Technology,"FLURRY, Chartboost",0,0,138,224,181.0,"Tapjoy
", CA,1,13
"Principal Scientist, Hematology",3.3,"Rochester Regional Health
3.3","Rochester, NY",10000+ employees,Hospital,Health Care Services & Hospitals,Health Care,-1,0,0,54,115,84.5,"Rochester Regional Health
", NY,1,6
Lead Data Engineer,4.1,"Credit Sesame
4.1","Mountain View, CA",51 to 200 employees,Company - Private,Internet,Information Technology,"Credit Karma, LendUp, SoFi",0,0,190,220,205.0,"Credit Sesame
", CA,1,10
Marketing Data Analyst,3.6,"San Manuel Casino
3.6","Highland, CA",1001 to 5000 employees,Company - Private,Gambling,"Arts, Entertainment & Recreation",-1,0,0,35,62,48.5,"San Manuel Casino
", CA,1,34
Medical Laboratory Scientist,4.0,"Texas Health Huguley Hospital
4.0","Burleson, TX",1001 to 5000 employees,Hospital,Health Care Services & Hospitals,Health Care,-1,1,0,18,25,21.5,"Texas Health Huguley Hospital
", TX,0,43
R&D Specialist/ Food Scientist,2.4,"Teasdale Latin Foods
2.4","Hoopeston, IL",501 to 1000 employees,Company - Private,Food & Beverage Manufacturing,Manufacturing,-1,0,0,39,66,52.5,"Teasdale Latin Foods
", IL,0,-1
Senior Research Scientist-Machine Learning,2.6,"Software Engineering Institute
2.6","Pittsburgh, PA",501 to 1000 employees,College / University,Colleges & Universities,Education,-1,0,0,81,167,124.0,"Software Engineering Institute
", PA,1,36
Analytics Manager - Data Mart,3.5,"Central California Alliance for Health
3.5","Scotts Valley, CA",501 to 1000 employees,Nonprofit Organization,Health Care Services & Hospitals,Health Care,-1,0,0,42,86,64.0,"Central California Alliance for Health
", CA,1,24
Sr. Data Engineer - Contract-to-Hire (Java),3.0,"Pilot Flying J Travel Centers LLC
3.0","Knoxville, TN",10000+ employees,Company - Private,Gas Stations,Retail,"TravelCenters of America, Love's Travel Stops & Country Stores, Wawa",0,0,69,127,98.0,"Pilot Flying J Travel Centers LLC
", TN,1,62
MED TECH/LAB SCIENTIST- SOUTH COASTAL LAB,3.6,"Beebe Healthcare
3.6","Millville, DE",1001 to 5000 employees,Nonprofit Organization,Health Care Services & Hospitals,Health Care,-1,1,0,21,34,27.5,"Beebe Healthcare
", DE,0,85
Food Scientist - Developer,3.3,"Palermo's Pizza
3.3","Milwaukee, WI",501 to 1000 employees,Company - Private,Food & Beverage Manufacturing,Manufacturing,-1,0,0,40,68,54.0,"Palermo's Pizza
", WI,1,56
Staff Scientist-Downstream Process Development,2.7,"Advanced BioScience Laboratories
2.7","Rockville, MD",201 to 500 employees,Company - Private,Biotech & Pharmaceuticals,Biotech & Pharmaceuticals,-1,0,0,49,113,81.0,"Advanced BioScience Laboratories
", MD,1,59
Sr. Data Engineer,3.4,"Echo Global Logistics
3.4","Chicago, IL",1001 to 5000 employees,Company - Public,Transportation Management,Transportation & Logistics,"C.H. Robinson, Total Quality Logistics, Coyote Logistics",0,0,75,140,107.5,"Echo Global Logistics
", IL,1,15
Data Scientist - Quantitative,3.8,"Truckstop.com
3.8","Chicago, IL",501 to 1000 employees,Company - Private,Logistics & Supply Chain,Transportation & Logistics,-1,0,0,86,139,112.5,"Truckstop.com
", IL,0,25
Data Scientist,3.7,"Lockheed Martin
3.7","Herndon, VA",10000+ employees,Company - Public,Aerospace & Defense,Aerospace & Defense,"Boeing, Northrop Grumman, Raytheon",0,0,66,112,89.0,"Lockheed Martin
", VA,0,25
Senior Research Statistician- Data Scientist,4.8,"Acuity Insurance
4.8","Sheboygan, WI",1001 to 5000 employees,Company - Private,Insurance Carriers,Insurance,-1,0,0,76,125,100.5,"Acuity Insurance
", WI,1,95
"Business Data Analyst, SQL",3.8,"Fareportal
3.8","New York, NY",1001 to 5000 employees,Company - Private,Travel Agencies,Travel & Tourism,"Expedia Group, Orbitz Worldwide, Priceline.com",0,0,44,86,65.0,"Fareportal
", NY,1,18
Medical Technologist / Clinical Laboratory Scientist,3.4,"Veterans Affairs, Veterans Health Administration
3.4","New Orleans, LA",10000+ employees,Government,Federal Agencies,Government,-1,1,0,15,25,20.0,"Veterans Affairs, Veterans Health Administration
", LA,0,90
Data Scientist,4.3,"Credera
4.3","Dallas, TX",201 to 500 employees,Subsidiary or Business Segment,Consulting,Business Services,-1,0,0,53,92,72.5,"Credera
", TX,1,21
Senior Data Analyst,4.8,"KnowBe4
4.8","Clearwater, FL",501 to 1000 employees,Company - Private,Security Services,Business Services,-1,0,0,44,78,61.0,KnowBe4, FL,1,10
BI & Platform Analytics Manager,3.4,"Church & Dwight
3.4","Ewing, NJ",1001 to 5000 employees,Company - Public,Consumer Products Manufacturing,Manufacturing,-1,0,0,85,134,109.5,"Church & Dwight
", NJ,1,174
Data Engineer,3.9,"Cogo Labs
3.9","Cambridge, MA",51 to 200 employees,Company - Private,Internet,Information Technology,-1,0,0,59,110,84.5,"Cogo Labs
", MA,1,15
Data Scientist,3.4,"Spectrum Communications and Consulting
3.4","Chicago, IL",51 to 200 employees,Company - Private,Advertising & Marketing,Business Services,-1,0,0,64,111,87.5,"Spectrum Communications and Consulting
", IL,1,28
Data Analyst,3.1,"NCSOFT
3.1","San Mateo, CA",1001 to 5000 employees,Company - Public,Video Games,Media,"Blizzard Entertainment, Riot Games, Electronic Arts",0,0,65,120,92.5,"NCSOFT
", CA,0,23
Associate Data Scientist/Computer Scientist,3.2,"MITRE
3.2","McLean, VA",5001 to 10000 employees,Nonprofit Organization,Federal Agencies,Government,"Battelle, General Atomics, SAIC",0,0,60,103,81.5,"MITRE
", VA,0,62
Business Intelligence Analyst / Developer,4.3,"Dayton Freight Lines, Inc.
4.3","Dayton, OH",1001 to 5000 employees,Company - Private,Trucking,Transportation & Logistics,"Old Dominion Freight, Pitt Ohio Express",0,0,53,105,79.0,"Dayton Freight Lines, Inc.
", OH,1,39
Lead Data Scientist,3.6,"MassMutual
3.6","Boston, MA",5001 to 10000 employees,Company - Private,Insurance Carriers,Insurance,-1,0,0,124,204,164.0,"MassMutual
", MA,0,169
"Sr. Data Scientist - Analytics, Personalized Healthcare (PHC)",3.9,"Genentech
3.9","South San Francisco, CA",10000+ employees,Subsidiary or Business Segment,Biotech & Pharmaceuticals,Biotech & Pharmaceuticals,-1,0,0,131,207,169.0,"Genentech
", CA,1,44
Senior Data Scientist,3.8,"Juniper Networks
3.8","Cupertino, CA",5001 to 10000 employees,Company - Public,Telecommunications Services,Telecommunications,-1,0,0,110,174,142.0,"Juniper Networks
", CA,0,24
Data Analyst,2.8,"Community Action Partnership of San Luis Obispo
2.8","Parlier, CA",501 to 1000 employees,Nonprofit Organization,Social Assistance,Non-Profit,-1,0,0,33,62,47.5,"Community Action Partnership of San Luis Obispo
", CA,0,-1
Pricipal Scientist Molecular and cellular biologist,3.7,"Takeda Pharmaceuticals
3.7","Boston, MA",10000+ employees,Company - Public,Biotech & Pharmaceuticals,Biotech & Pharmaceuticals,"Novartis, Baxter, Pfizer",0,0,52,101,76.5,"Takeda Pharmaceuticals
", MA,0,239
Data Analyst,3.4,"TrueAccord
3.4","San Francisco, CA",51 to 200 employees,Company - Private,Enterprise Software & Network Solutions,Information Technology,-1,0,0,48,90,69.0,"TrueAccord
", CA,1,7
Data Analyst,4.0,"DRB Systems
4.0","Meridian, ID",201 to 500 employees,Company - Private,Computer Hardware & Software,Information Technology,-1,0,0,34,64,49.0,"DRB Systems
", ID,0,36
Staff Data Scientist,3.5,"Western Digital
3.5","San Jose, CA",10000+ employees,Company - Public,Computer Hardware & Software,Information Technology,"Seagate Technology, Toshiba",0,0,132,211,171.5,"Western Digital
", CA,1,50
"Data Scientist (Actuary, FSA or ASA)",3.8,"Legal & General America
3.8","Frederick, MD",501 to 1000 employees,Company - Private,Insurance Carriers,Insurance,-1,0,0,81,133,107.0,"Legal & General America
", MD,1,39
System and Data Analyst,3.7,"Corcentric
3.7","Cherry Hill, NJ",201 to 500 employees,Company - Private,Enterprise Software & Network Solutions,Information Technology,-1,0,0,42,76,59.0,"Corcentric
", NJ,1,24
Data Scientist,3.5,"U.Group
3.5","Indianapolis, IN",201 to 500 employees,Company - Private,IT Services,Information Technology,-1,0,0,66,111,88.5,"U.Group
", IN,0,1
Data Engineer 5 - Contract (Remote),4.2,"The Church of Jesus Christ of Latter-day Saints
4.2","Riverton, UT",10000+ employees,Nonprofit Organization,Religious Organizations,Non-Profit,-1,0,0,74,140,107.0,"The Church of Jesus Christ of Latter-day Saints
", UT,0,-1
Digital Health Data Scientist,4.0,"Pfizer
4.0","Cambridge, MA",10000+ employees,Company - Public,Biotech & Pharmaceuticals,Biotech & Pharmaceuticals,-1,0,0,63,110,86.5,"Pfizer
", MA,0,171
Data Scientist,4.3,"SMC 3
4.3","Louisville, KY",51 to 200 employees,Nonprofit Organization,Logistics & Supply Chain,Transportation & Logistics,-1,0,0,63,105,84.0,SMC 3, KY,0,85
Data & Analytics Consultant (NYC),4.7,"Systems Evolution Inc.
4.7","New York, NY",201 to 500 employees,Company - Private,Consulting,Business Services,-1,0,0,91,138,114.5,"Systems Evolution Inc.
", NY,0,28
Senior Scientist - Neuroscience,3.5,"Sunovion
3.5","Marlborough, MA",1001 to 5000 employees,Company - Private,Biotech & Pharmaceuticals,Biotech & Pharmaceuticals,"Shire, GlaxoSmithKline, Allergan",0,0,100,190,145.0,"Sunovion
", MA,1,10
Data Engineer,4.4,"Eventbrite
4.4","Nashville, TN",1001 to 5000 employees,Company - Public,Internet,Information Technology,"See Tickets, TicketWeb, Vendini",0,0,62,114,88.0,"Eventbrite
", TN,0,14
Big Data Engineer - Chicago - Future Opportunity,4.1,"Centro
4.1","Chicago, IL",501 to 1000 employees,Company - Private,Internet,Information Technology,"Mediaocean, The Trade Desk, MediaMath",0,0,71,129,100.0,"Centro
", IL,1,19
Senior Data Analyst,2.9,"National Student Clearinghouse
2.9","Herndon, VA",201 to 500 employees,Nonprofit Organization,Colleges & Universities,Education,"Ellucian, Parchment, College Board",0,0,43,80,61.5,"National Student Clearinghouse
", VA,1,27
Data Scientist,2.5,"comScore
2.5","Portland, OR",1001 to 5000 employees,Company - Public,Advertising & Marketing,Business Services,"Nielsen, Hitwise, Coremetrics",0,0,74,119,96.5,"comScore
", OR,0,21
Survey Data Analyst,4.2,"SullivanCotter
4.2","Minneapolis, MN",201 to 500 employees,Company - Private,Consulting,Business Services,"Mercer, Korn Ferry, Integrated Healthcare Strategies",0,0,55,97,76.0,"SullivanCotter
", MN,0,28
Data Scientist,3.9,"NPD
3.9","Port Washington, NY",1001 to 5000 employees,Company - Private,Research & Development,Business Services,-1,0,0,15,16,15.5,"NPD
", NY,1,54
Data Scientist,4.3,"Bakery Agency
4.3","Austin, TX",1 to 50 employees,Company - Private,Advertising & Marketing,Business Services,-1,0,0,61,106,83.5,"Bakery Agency
", TX,1,10
"Risk and Analytics IT, Data Scientist",2.7,"State of Wisconsin Investment Board
2.7","Madison, WI",51 to 200 employees,Government,Investment Banking & Asset Management,Finance,-1,0,0,91,149,120.0,"State of Wisconsin Investment Board
", WI,1,69
Data Scientist,3.9,"Genentech
3.9","South San Francisco, CA",10000+ employees,Subsidiary or Business Segment,Biotech & Pharmaceuticals,Biotech & Pharmaceuticals,-1,0,0,127,199,163.0,"Genentech
", CA,1,44
Lead Health Data Analyst - Front End,3.4,"Blue Cross & Blue Shield of Rhode Island
3.4","Providence, RI",501 to 1000 employees,Nonprofit Organization,Insurance Carriers,Insurance,UnitedHealth Group,0,0,74,126,100.0,"Blue Cross & Blue Shield of Rhode Island
", RI,1,81
Research Scientist,3.8,"Boys Town
3.8","Omaha, NE",1001 to 5000 employees,Nonprofit Organization,Social Assistance,Non-Profit,"Boys & Girls Clubs of America, AdoptUSKids, Foster Care to Success",0,0,33,72,52.5,"Boys Town
", NE,1,103
Medical Lab Scientist,3.6,"Tower Health
3.6","West Reading, PA",5001 to 10000 employees,Nonprofit Organization,Health Care Services & Hospitals,Health Care,-1,1,0,17,24,20.5,"Tower Health
", PA,0,3
Junior Data Analyst,3.3,"The HSC Health Care System
3.3","Washington, DC",501 to 1000 employees,Nonprofit Organization,Health Care Services & Hospitals,Health Care,-1,0,0,37,63,50.0,"The HSC Health Care System
", DC,1,137
SQL Data Engineer,3.4,"Pro-Sphere Tek
3.4","Austin, TX",201 to 500 employees,Company - Private,Consulting,Business Services,-1,0,0,67,119,93.0,"Pro-Sphere Tek
", TX,0,14
Data Scientist,3.0,"Ameritas Life Insurance Corp
3.0","Cincinnati, OH",1001 to 5000 employees,Company - Private,Insurance Agencies & Brokerages,Insurance,-1,0,0,72,117,94.5,"Ameritas Life Insurance Corp
", OH,0,133
Senior Data Scientist,4.0,"Autodesk
4.0","San Francisco, CA",5001 to 10000 employees,Company - Public,Computer Hardware & Software,Information Technology,-1,0,0,116,185,150.5,"Autodesk
", CA,0,38
Data Scientist,3.7,"Genworth
3.7","Raleigh, NC",1001 to 5000 employees,Company - Public,Insurance Carriers,Insurance,"MetLife, Northwestern Mutual, Prudential",0,0,78,126,102.0,"Genworth
", NC,0,16
"Scientist, Analytical Development",4.4,"Rubius Therapeutics
4.4","Cambridge, MA",201 to 500 employees,Company - Public,Biotech & Pharmaceuticals,Biotech & Pharmaceuticals,-1,0,0,42,82,62.0,"Rubius Therapeutics
", MA,1,7
Analytics Manager,4.3,"OneMagnify
4.3","Dearborn, MI",201 to 500 employees,Company - Private,Advertising & Marketing,Business Services,-1,0,0,59,116,87.5,"OneMagnify
", MI,0,53
Clinical Data Scientist,4.0,"Pfizer
4.0","Groton, CT",10000+ employees,Company - Public,Biotech & Pharmaceuticals,Biotech & Pharmaceuticals,-1,0,0,63,105,84.0,"Pfizer
", CT,0,171
Data Scientist,4.0,"Novetta
4.0","Herndon, VA",501 to 1000 employees,Company - Private,Enterprise Software & Network Solutions,Information Technology,"Leidos, CACI International, Booz Allen Hamilton",0,0,109,177,143.0,"Novetta
", VA,0,8
"Sr. Data Scientist, Cyber-Security LT Contract",3.2,"Numeric, LLC
3.2","Phila, PA",1 to 50 employees,Company - Private,Staffing & Outsourcing,Business Services,-1,0,0,116,194,155.0,"Numeric, LLC
", PA,0,-1
Data Engineer,4.2,"IZEA
4.2","Winter Park, FL",51 to 200 employees,Company - Public,Advertising & Marketing,Business Services,"Linqia, Collective Bias",0,0,48,95,71.5,"IZEA
", FL,1,14
Data Scientist,3.9,"Trace Data
3.9","Oakland, CA",51 to 200 employees,Company - Private,Insurance Carriers,Insurance,-1,0,0,83,133,108.0,"Trace Data
", CA,0,20
Sr. Scientist - Digital & Image Analysis/Computational Pathology,3.7,"Takeda Pharmaceuticals
3.7","San Diego, CA",10000+ employees,Company - Public,Biotech & Pharmaceuticals,Biotech & Pharmaceuticals,"Novartis, Baxter, Pfizer",0,0,105,198,151.5,"Takeda Pharmaceuticals
", CA,0,239
Digital Marketing & ECommerce Data Analyst,3.6,"Vionic Group
3.6","San Rafael, CA",51 to 200 employees,Subsidiary or Business Segment,"Department, Clothing, & Shoe Stores",Retail,-1,0,0,31,72,51.5,"Vionic Group
", CA,1,14
Principal Scientist - Immunologist,3.7,"Takeda Pharmaceuticals
3.7","Boston, MA",10000+ employees,Company - Public,Biotech & Pharmaceuticals,Biotech & Pharmaceuticals,"Novartis, Baxter, Pfizer",0,0,98,182,140.0,"Takeda Pharmaceuticals
", MA,0,239
Senior Data Analyst,2.8,"Dodge Data & Analytics
2.8","Hamilton, NJ",201 to 500 employees,Company - Private,IT Services,Information Technology,-1,0,0,55,100,77.5,"Dodge Data & Analytics
", NJ,1,6
Insurance Financial Data Analyst,4.2,"Clearwater Analytics
4.2","Boise, ID",501 to 1000 employees,Company - Private,Investment Banking & Asset Management,Finance,-1,0,0,45,82,63.5,"Clearwater Analytics
", ID,1,16
Data Scientist,4.0,"Tekvalley, Corp.
4.0","San Francisco, CA",1 to 50 employees,Company - Private,IT Services,Information Technology,-1,0,0,83,135,109.0,"Tekvalley, Corp.
", CA,0,-1
Data Scientist,3.5,"BWX Technologies
3.5","Oak Ridge, TN",5001 to 10000 employees,Company - Public,Aerospace & Defense,Aerospace & Defense,-1,0,0,70,122,96.0,"BWX Technologies
", TN,0,170
Principal Data Scientist with over 10 years experience,-1.0,CA-One Tech Cloud,"San Francisco, CA",51 to 200 employees,Company - Private,IT Services,Information Technology,-1,0,1,200,250,225.0,CA-One Tech Cloud, CA,0,3
Data Engineer,3.2,"PennyMac
3.2","Agoura Hills, CA",1001 to 5000 employees,Company - Public,Lending,Finance,"Nationstar Mortgage, Caliber Funding, Quicken Loans",0,0,70,132,101.0,"PennyMac
", CA,0,12
Senior Data Scientist,3.3,"Plymouth Rock Assurance
3.3","Woodbridge, NJ",1001 to 5000 employees,Company - Private,Insurance Carriers,Insurance,"Arbella Insurance, Safety Insurance",0,0,73,124,98.5,"Plymouth Rock Assurance
", NJ,0,38
Data Engineer I - Azure,3.9,"Vermeer
3.9","Pella, IA",1001 to 5000 employees,Company - Private,Industrial Manufacturing,Manufacturing,"Caterpillar, John Deere, CNH Industrial",0,0,54,101,77.5,"Vermeer
", IA,1,72
"Sr. Scientist, Quantitative Translational Sciences",3.7,"Takeda Pharmaceuticals
3.7","Boston, MA",10000+ employees,Company - Public,Biotech & Pharmaceuticals,Biotech & Pharmaceuticals,"Novartis, Baxter, Pfizer",0,0,117,206,161.5,"Takeda Pharmaceuticals
", MA,0,239
MED TECH/LAB SCIENTIST - LABORATORY,3.6,"Beebe Healthcare
3.6","Lewes, DE",1001 to 5000 employees,Nonprofit Organization,Health Care Services & Hospitals,Health Care,-1,1,0,21,34,27.5,"Beebe Healthcare
", DE,1,85
Sr. Data Scientist II,3.4,"Argo Group US
3.4","New York, NY",1001 to 5000 employees,Company - Public,Insurance Carriers,Insurance,-1,0,0,111,183,147.0,"Argo Group US
", NY,0,72
Data Scientist,3.5,"L&T Infotech
3.5","San Ramon, CA",10000+ employees,Company - Public,IT Services,Information Technology,"Infosys, Accenture, Capgemini",0,0,68,112,90.0,"L&T Infotech
", CA,0,23
Information Security Data Analyst,4.3,"OceanFirst Financial
4.3","Red Bank, NJ",501 to 1000 employees,Company - Public,Banks & Credit Unions,Finance,-1,0,0,42,74,58.0,"OceanFirst Financial
", NJ,0,118
Excel / VBA / SQL Data Analyst,4.1,"Associated Electric Cooperative
4.1","Springfield, MO",501 to 1000 employees,Company - Private,Energy,"Oil, Gas, Energy & Utilities",-1,0,0,44,78,61.0,"Associated Electric Cooperative
", MO,1,59
Machine Learning Research Scientist,2.6,"Software Engineering Institute
2.6","Pittsburgh, PA",501 to 1000 employees,College / University,Colleges & Universities,Education,-1,0,0,81,159,120.0,"Software Engineering Institute
", PA,1,36
Data Scientist,3.6,"Sotheby's
3.6","New York, NY",1001 to 5000 employees,Company - Public,Auctions & Galleries,Retail,-1,0,0,95,161,128.0,"Sotheby's
", NY,1,276
Data Scientist,3.5,"First Tech Federal Credit Union
3.5","Hillsboro, OR",1001 to 5000 employees,Company - Private,Banks & Credit Unions,Finance,-1,0,0,75,124,99.5,"First Tech Federal Credit Union
", OR,0,68
Data Scientist,3.6,"Amrock
3.6","Detroit, MI",1001 to 5000 employees,Company - Private,Real Estate,Real Estate,-1,0,0,72,120,96.0,"Amrock
", MI,1,23
Data Scientist,2.3,"Vanda Pharmaceuticals
2.3","Washington, DC",201 to 500 employees,Company - Public,Biotech & Pharmaceuticals,Biotech & Pharmaceuticals,-1,0,0,76,126,101.0,"Vanda Pharmaceuticals
", DC,1,17
Senior Data Scientist,3.9,"Zest AI
3.9","Burbank, CA",51 to 200 employees,Company - Private,Financial Analytics & Research,Finance,-1,0,0,114,182,148.0,"Zest AI
", CA,1,11
"Data Scientist, Senior",4.0,"Novetta
4.0","Fort Belvoir, VA",501 to 1000 employees,Company - Private,Enterprise Software & Network Solutions,Information Technology,"Leidos, CACI International, Booz Allen Hamilton",0,0,108,176,142.0,"Novetta
", VA,0,8
Senior Data Scientist,4.1,"CK-12 Foundation
4.1","Palo Alto, CA",1 to 50 employees,Company - Private,K-12 Education,Education,-1,0,0,130,208,169.0,CK-12 Foundation, CA,1,13
"VP, Data Science",3.2,"PennyMac
3.2","Phoenix, AZ",1001 to 5000 employees,Company - Public,Lending,Finance,"Nationstar Mortgage, Caliber Funding, Quicken Loans",0,0,83,166,124.5,"PennyMac
", AZ,0,12
Radar Data Analyst,4.7,"DECISIVE ANALYTICS Corporation
4.7","Huntsville, AL",51 to 200 employees,Company - Private,Aerospace & Defense,Aerospace & Defense,"Torch Technologies, American Systems",0,0,42,76,59.0,"DECISIVE ANALYTICS Corporation
", AL,0,24
CONSULTANT DATA ANALYTICS GROUP,4.2,"Opinion Dynamics
4.2","San Diego, CA",51 to 200 employees,Company - Private,Consulting,Business Services,-1,0,0,37,68,52.5,"Opinion Dynamics
", CA,0,33
Data Engineer,4.6,"Applied Information Sciences
4.6","Houston, TX",501 to 1000 employees,Company - Private,IT Services,Information Technology,-1,0,0,52,99,75.5,"Applied Information Sciences
", TX,0,38
Senior Data Scientist,3.7,"Swiss Re
3.7","Armonk, NY",10000+ employees,Company - Public,Insurance Agencies & Brokerages,Insurance,"Munich Re, Hannover RE, SCOR",0,0,105,173,139.0,"Swiss Re
", NY,0,157
"Data Engineer, Data Engineering and Artifical Intelligence",3.7,"Takeda Pharmaceuticals
3.7","Cambridge, MA",10000+ employees,Company - Public,Biotech & Pharmaceuticals,Biotech & Pharmaceuticals,"Novartis, Baxter, Pfizer",0,0,71,134,102.5,"Takeda Pharmaceuticals
", MA,0,239
Staff Scientist,4.4,"WK Dickson
4.4","Columbia, SC",201 to 500 employees,Company - Private,Architectural & Engineering Services,Business Services,"McKim and Creed, CDM Smith, Kimley-Horn",0,0,39,82,60.5,"WK Dickson
", SC,0,91
PL Actuarial-Lead Data Scientist,3.7,"The Hanover Insurance Group
3.7","Worcester, MA",5001 to 10000 employees,Company - Public,Insurance Carriers,Insurance,-1,0,0,114,179,146.5,"The Hanover Insurance Group
", MA,1,168
"Associate Scientist/Scientist, Process Analytical Technology - Small Molecule Analytical Chemistry",3.9,"Genentech
3.9","South San Francisco, CA",10000+ employees,Subsidiary or Business Segment,Biotech & Pharmaceuticals,Biotech & Pharmaceuticals,-1,0,0,88,162,125.0,"Genentech
", CA,1,44
Sr. Data Analyst,3.6,"MassMutual
3.6","Springfield, MA",5001 to 10000 employees,Company - Private,Insurance Carriers,Insurance,-1,0,0,60,102,81.0,"MassMutual
", MA,1,169
Senior Data & Machine Learning Scientist,3.0,"Tempus Labs
3.0","Chicago, IL",501 to 1000 employees,Company - Private,Biotech & Pharmaceuticals,Biotech & Pharmaceuticals,-1,0,0,100,166,133.0,"Tempus Labs
", IL,1,5
Program/Data Analyst,3.4,"General Dynamics Information Technology
3.4","Washington, DC",10000+ employees,Subsidiary or Business Segment,IT Services,Information Technology,"SAIC, Leidos, Northrop Grumman",0,0,55,99,77.0,"General Dynamics Information Technology
", DC,0,24
Data Engineer,4.1,"ManTech
4.1","Herndon, VA",5001 to 10000 employees,Company - Public,Research & Development,Business Services,-1,0,0,67,117,92.0,"ManTech
", VA,1,52
Senior Data Scientist: Causal & Predictive analytics AI Innovation Lab,3.8,"Novartis
3.8","Cambridge, MA",10000+ employees,Company - Public,Biotech & Pharmaceuticals,Biotech & Pharmaceuticals,-1,0,0,92,150,121.0,"Novartis
", MA,0,24
"Principal Data Engineer, Data Platform & Insights",4.0,"Autodesk
4.0","San Francisco, CA",5001 to 10000 employees,Company - Public,Computer Hardware & Software,Information Technology,-1,0,0,116,209,162.5,"Autodesk
", CA,0,38
RESEARCH SCIENTIST - BIOLOGICAL SAFETY,3.9,"Southwest Research Institute
3.9","San Antonio, TX",1001 to 5000 employees,Nonprofit Organization,Research & Development,Business Services,"Los Alamos National Laboratory, Battelle, SRI International",0,0,38,82,60.0,"Southwest Research Institute
", TX,1,73
Data Operations Lead,-1.0,Muso,"San Francisco, CA",201 to 500 employees,Nonprofit Organization,-1,-1,-1,0,1,85,90,87.5,Muso, CA,1,-1
Big Data Engineer,4.4,"SpringML
4.4","Indianapolis, IN",1 to 50 employees,Company - Private,Enterprise Software & Network Solutions,Information Technology,-1,0,0,62,119,90.5,"SpringML
", IN,0,5
Data Scientist / Machine Learning Expert,3.8,"Novartis
3.8","Cambridge, MA",10000+ employees,Company - Public,Biotech & Pharmaceuticals,Biotech & Pharmaceuticals,-1,0,0,86,143,114.5,"Novartis
", MA,0,24
Data Scientist,3.8,"Juniper Networks
3.8","Sunnyvale, CA",5001 to 10000 employees,Company - Public,Telecommunications Services,Telecommunications,-1,0,0,93,149,121.0,"Juniper Networks
", CA,1,24
Senior Data Scientist,2.2,"The Integer Group
2.2","Dallas, TX",501 to 1000 employees,Subsidiary or Business Segment,Advertising & Marketing,Business Services,"Geometry Global, TracyLocke, Saatchi & Saatchi X",0,0,84,136,110.0,"The Integer Group
", TX,0,27
PV Scientist,2.9,"Karyopharm Therapeutics Inc.
2.9","Newton, MA",201 to 500 employees,Company - Public,Biotech & Pharmaceuticals,Biotech & Pharmaceuticals,-1,0,0,60,123,91.5,"Karyopharm Therapeutics Inc.
", MA,1,-1
Clinical Data Analyst,4.1,"ManTech
4.1","Portsmouth, VA",5001 to 10000 employees,Company - Public,Research & Development,Business Services,-1,0,0,52,89,70.5,"ManTech
", VA,0,52
Data Engineer,3.7,"P2 Energy Solutions
3.7","Lafayette, LA",501 to 1000 employees,Company - Private,Computer Hardware & Software,Information Technology,-1,0,0,48,93,70.5,P2 Energy Solutions, LA,0,-1
Computational Chemist/Data Scientist,3.8,"PNNL
3.8","Richland, WA",1001 to 5000 employees,Government,Energy,"Oil, Gas, Energy & Utilities","Oak Ridge National Laboratory, National Renewable Energy Lab, Los Alamos National Laboratory",0,0,56,97,76.5,"PNNL
", WA,1,55
Data Engineer,3.6,"MassMutual
3.6","Springfield, MA",5001 to 10000 employees,Company - Private,Insurance Carriers,Insurance,-1,0,0,65,119,92.0,"MassMutual
", MA,1,169
Principal Data Scientist (Computational Chemistry),4.7,"Recursion Pharmaceuticals
4.7","Salt Lake City, UT",51 to 200 employees,Company - Private,Biotech & Pharmaceuticals,Biotech & Pharmaceuticals,-1,0,0,108,173,140.5,"Recursion Pharmaceuticals
", UT,1,7
Product Engineer  Data Science,3.5,"Esri
3.5","Arlington, VA",1001 to 5000 employees,Company - Private,Computer Hardware & Software,Information Technology,Pitney Bowes,0,0,63,101,82.0,"Esri
", VA,0,51
"Principal Scientist, Chemistry & Immunology",3.3,"Rochester Regional Health
3.3","Rochester, NY",10000+ employees,Hospital,Health Care Services & Hospitals,Health Care,-1,0,0,54,115,84.5,"Rochester Regional Health
", NY,1,6
"Scientist/Senior Scientist, Autoimmune",4.4,"Rubius Therapeutics
4.4","Cambridge, MA",201 to 500 employees,Company - Public,Biotech & Pharmaceuticals,Biotech & Pharmaceuticals,-1,0,0,90,179,134.5,"Rubius Therapeutics
", MA,1,7
Data Scientist,3.3,"Samba TV
3.3","San Francisco, CA",201 to 500 employees,Company - Private,Advertising & Marketing,Business Services,-1,0,0,127,202,164.5,"Samba TV
", CA,1,12
Market Data Analyst,3.4,"SV Microwave
3.4","West Palm Beach, FL",201 to 500 employees,Company - Public,Telecommunications Manufacturing,Telecommunications,-1,0,0,31,57,44.0,"SV Microwave
", FL,1,29
Software Engineer - Data Visualization,4.0,"ClearEdge
4.0","Annapolis Junction, MD",51 to 200 employees,Company - Private,Computer Hardware & Software,Information Technology,-1,0,0,60,127,93.5,"ClearEdge
", MD,1,18
Data Engineer,4.4,"SpringML
4.4","Herndon, VA",1 to 50 employees,Company - Private,Enterprise Software & Network Solutions,Information Technology,-1,0,0,75,143,109.0,"SpringML
", VA,0,5
Staff Data Engineer,3.8,"Sumo Logic
3.8","Austin, TX",501 to 1000 employees,Company - Private,Computer Hardware & Software,Information Technology,"Splunk, Datadog, Elastic",0,0,105,194,149.5,"Sumo Logic
", TX,0,10
Associate Data Engineer,3.5,"EAB
3.5","Washington, DC",1001 to 5000 employees,Company - Private,Research & Development,Business Services,-1,0,0,45,86,65.5,"EAB
", DC,1,13
Senior Data Scientist,3.5,"Brighthouse Financial
3.5","Charlotte, NC",1001 to 5000 employees,Company - Public,Insurance Carriers,Insurance,-1,0,0,95,154,124.5,"Brighthouse Financial
", NC,1,3
Staff BI and Data Engineer,2.9,"Affinity Solutions
2.9","San Jose, CA",51 to 200 employees,Company - Private,Advertising & Marketing,Business Services,"Commerce Signals, Cardlytics, Yodlee",0,0,80,148,114.0,"Affinity Solutions
", CA,0,22
Marketing Data Analyst,3.9,"Citadel Federal Credit Union
3.9","Exton, PA",501 to 1000 employees,Nonprofit Organization,Banks & Credit Unions,Finance,"TruMark Financial, North Island Credit Union, CommunityAmerica Credit Union",0,0,36,62,49.0,"Citadel Federal Credit Union
", PA,1,83
"Principal Scientist, Hematology",3.3,"Rochester Regional Health
3.3","Rochester, NY",10000+ employees,Hospital,Health Care Services & Hospitals,Health Care,-1,0,0,54,115,84.5,"Rochester Regional Health
", NY,1,6
Data Analyst,3.7,"CALIBRE Systems
3.7","Alexandria, VA",501 to 1000 employees,Company - Private,IT Services,Information Technology,"CSC, Booz Allen Hamilton, ManTech",0,0,50,92,71.0,"CALIBRE Systems
", VA,1,31
"Director - Data, Privacy and AI Governance",3.6,"MassMutual
3.6","Boston, MA",5001 to 10000 employees,Company - Private,Insurance Carriers,Insurance,-1,0,0,67,135,101.0,"MassMutual
", MA,0,169
Data Scientist,3.5,"Esri
3.5","Redlands, CA",1001 to 5000 employees,Company - Private,Computer Hardware & Software,Information Technology,Pitney Bowes,0,0,82,132,107.0,"Esri
", CA,1,51
Data Scientist,4.7,"New England Biolabs
4.7","Ipswich, MA",201 to 500 employees,Company - Private,Biotech & Pharmaceuticals,Biotech & Pharmaceuticals,"Thermo Fisher Scientific, Enzymatics, Illumina",0,0,85,140,112.5,"New England Biolabs
", MA,1,46
Staff Machine Learning Engineer,3.9,"Tapjoy
3.9","San Francisco, CA",201 to 500 employees,Company - Private,Internet,Information Technology,"FLURRY, Chartboost",0,0,138,224,181.0,"Tapjoy
", CA,1,13
Information Security Data Analyst,3.7,"Motorola Solutions
3.7","Chicago, IL",10000+ employees,Company - Public,Computer Hardware & Software,Information Technology,"Cisco Systems, Huawei Technologies, IBM",0,0,42,80,61.0,"Motorola Solutions
", IL,1,92
Lead Data Engineer,4.1,"Credit Sesame
4.1","Mountain View, CA",51 to 200 employees,Company - Private,Internet,Information Technology,"Credit Karma, LendUp, SoFi",0,0,190,220,205.0,"Credit Sesame
", CA,1,10
Scientist Manufacturing - Kentucky BioProcessing,3.1,"Reynolds American
3.1","Owensboro, KY",5001 to 10000 employees,Company - Private,Consumer Products Manufacturing,Manufacturing,-1,0,0,68,139,103.5,"Reynolds American
", KY,0,145
Data Analytics Project Manager,3.6,"MassMutual
3.6","Springfield, MA",5001 to 10000 employees,Company - Private,Insurance Carriers,Insurance,-1,0,0,34,92,63.0,"MassMutual
", MA,1,169
Consultant - Analytics Consulting,3.0,"Infosys
3.0","Hartford, CT",10000+ employees,Company - Public,IT Services,Information Technology,"Tata Consultancy Services, Accenture, Cognizant Technology Solutions",0,0,54,71,62.5,"Infosys
", CT,0,39
Data Engineer,3.5,"Alignment Healthcare
3.5","Orange, CA",501 to 1000 employees,Company - Private,Health Care Services & Hospitals,Health Care,-1,0,0,65,124,94.5,"Alignment Healthcare
", CA,1,7
Marketing Data Analyst,3.6,"San Manuel Casino
3.6","Highland, CA",1001 to 5000 employees,Company - Private,Gambling,"Arts, Entertainment & Recreation",-1,0,0,35,62,48.5,"San Manuel Casino
", CA,1,34
Senior Scientist (Neuroscience),3.5,"Sunovion
3.5","Marlborough, MA",1001 to 5000 employees,Company - Private,Biotech & Pharmaceuticals,Biotech & Pharmaceuticals,"Shire, GlaxoSmithKline, Allergan",0,0,109,200,154.5,"Sunovion
", MA,1,10
Medical Laboratory Scientist,4.0,"Texas Health Huguley Hospital
4.0","Burleson, TX",1001 to 5000 employees,Hospital,Health Care Services & Hospitals,Health Care,-1,1,0,18,25,21.5,"Texas Health Huguley Hospital
", TX,0,43
Machine Learning Engineer - Regulatory,3.7,"Cboe Global Markets
3.7","Lenexa, KS",501 to 1000 employees,Company - Public,Stock Exchanges,Finance,-1,0,0,61,113,87.0,"Cboe Global Markets
", KS,0,47
R&D Specialist/ Food Scientist,2.4,"Teasdale Latin Foods
2.4","Hoopeston, IL",501 to 1000 employees,Company - Private,Food & Beverage Manufacturing,Manufacturing,-1,0,0,39,66,52.5,"Teasdale Latin Foods
", IL,0,-1
Data Engineer,3.2,"Guidepoint
3.2","New York, NY",501 to 1000 employees,Company - Private,Research & Development,Business Services,"Coleman Research, AlphaSights, Third Bridge",0,0,43,86,64.5,"Guidepoint
", NY,1,17
"Scientist, Bacteriology",2.1,"Cerus Corporation
2.1","Concord, CA",201 to 500 employees,Company - Public,Biotech & Pharmaceuticals,Biotech & Pharmaceuticals,-1,0,0,74,149,111.5,"Cerus Corporation
", CA,1,-1
"Associate Director, Platform and DevOps- Data Engineering and Aritifical Intelligence",3.7,"Takeda Pharmaceuticals
3.7","Cambridge, MA",10000+ employees,Company - Public,Biotech & Pharmaceuticals,Biotech & Pharmaceuticals,"Novartis, Baxter, Pfizer",0,0,113,196,154.5,"Takeda Pharmaceuticals
", MA,0,239
Senior Research Scientist-Machine Learning,2.6,"Software Engineering Institute
2.6","Pittsburgh, PA",501 to 1000 employees,College / University,Colleges & Universities,Education,-1,0,0,81,167,124.0,"Software Engineering Institute
", PA,1,36
Senior Data Scientist,4.4,"Maven Wave Partners
4.4","Chicago, IL",201 to 500 employees,Company - Private,Consulting,Business Services,-1,0,0,97,160,128.5,"Maven Wave Partners
", IL,1,12
Clinical Laboratory Scientist,3.7,"Vail Health
3.7","Vail, CO",501 to 1000 employees,Hospital,Health Care Services & Hospitals,Health Care,-1,1,0,24,39,31.5,"Vail Health
", CO,1,54
Analytics Manager - Data Mart,3.5,"Central California Alliance for Health
3.5","Scotts Valley, CA",501 to 1000 employees,Nonprofit Organization,Health Care Services & Hospitals,Health Care,-1,0,0,42,86,64.0,"Central California Alliance for Health
", CA,1,24
Sr. Data Engineer - Contract-to-Hire (Java),3.0,"Pilot Flying J Travel Centers LLC
3.0","Knoxville, TN",10000+ employees,Company - Private,Gas Stations,Retail,"TravelCenters of America, Love's Travel Stops & Country Stores, Wawa",0,0,69,127,98.0,"Pilot Flying J Travel Centers LLC
", TN,1,62
Data Scientist - Algorithms & Inference,4.2,"Nuna
4.2","San Francisco, CA",51 to 200 employees,Company - Private,Enterprise Software & Network Solutions,Information Technology,-1,0,0,110,175,142.5,"Nuna
", CA,1,10
Senior Data Scientist - R&D Oncology,3.9,"AstraZeneca
3.9","New York, NY",10000+ employees,Company - Public,Biotech & Pharmaceuticals,Biotech & Pharmaceuticals,"Roche, GlaxoSmithKline, Novartis",0,0,102,172,137.0,"AstraZeneca
", NY,0,107
Data Engineer,4.0,"Pinnacol Assurance
4.0","Denver, CO",501 to 1000 employees,Nonprofit Organization,Insurance Carriers,Insurance,-1,0,0,74,124,99.0,"Pinnacol Assurance
", CO,1,105
Food Scientist - Developer,3.3,"Palermo's Pizza
3.3","Milwaukee, WI",501 to 1000 employees,Company - Private,Food & Beverage Manufacturing,Manufacturing,-1,0,0,40,68,54.0,"Palermo's Pizza
", WI,1,56
Senior Data Scientist,4.4,"MathWorks
4.4","Natick, MA",1001 to 5000 employees,Company - Private,Computer Hardware & Software,Information Technology,-1,0,0,108,171,139.5,"MathWorks
", MA,1,36
Data Engineer,3.4,"MetroStar Systems
3.4","Rockville, MD",201 to 500 employees,Company - Private,IT Services,Information Technology,-1,0,0,76,142,109.0,"MetroStar Systems
", MD,0,21
"Director II, Data Science - GRM Actuarial",3.3,"Liberty Mutual Insurance
3.3","Chicago, IL",10000+ employees,Company - Private,Insurance Carriers,Insurance,"Travelers, Allstate, State Farm",0,0,202,306,254.0,"Liberty Mutual Insurance
", IL,0,108
Machine Learning Engineer,3.2,"Information Builders
3.2","New York, NY",1001 to 5000 employees,Company - Private,Computer Hardware & Software,Information Technology,"Qlik, Tableau Software, Informatica",0,0,91,159,125.0,"Information Builders
", NY,1,45
"Sr Expert Data Science, Advanced Visual Analytics (Associate level)",3.8,"Novartis
3.8","Cambridge, MA",10000+ employees,Company - Public,Biotech & Pharmaceuticals,Biotech & Pharmaceuticals,-1,0,0,80,133,106.5,"Novartis
", MA,0,24
MED TECH/LAB SCIENTIST- SOUTH COASTAL LAB,3.6,"Beebe Healthcare
3.6","Millville, DE",1001 to 5000 employees,Nonprofit Organization,Health Care Services & Hospitals,Health Care,-1,1,0,21,34,27.5,"Beebe Healthcare
", DE,0,85
"Scientist, Molecular/Cellular Biologist",2.9,"Audentes Therapeutics
2.9","South San Francisco, CA",201 to 500 employees,Subsidiary or Business Segment,Biotech & Pharmaceuticals,Biotech & Pharmaceuticals,"BioMarin Pharmaceutical, Sangamo Therapeutics, bluebird bio",0,0,49,97,73.0,"Audentes Therapeutics
", CA,0,8
Staff Scientist-Downstream Process Development,2.7,"Advanced BioScience Laboratories
2.7","Rockville, MD",201 to 500 employees,Company - Private,Biotech & Pharmaceuticals,Biotech & Pharmaceuticals,-1,0,0,49,113,81.0,"Advanced BioScience Laboratories
", MD,1,59
Data Scientist,3.2,"Numeric, LLC
3.2","Philadelphia, PA",1 to 50 employees,Company - Private,Staffing & Outsourcing,Business Services,-1,0,0,96,161,128.5,"Numeric, LLC
", PA,0,-1
Scientist - Analytical Services,3.1,"Reynolds American
3.1","Winston-Salem, NC",5001 to 10000 employees,Company - Private,Consumer Products Manufacturing,Manufacturing,-1,0,0,65,134,99.5,"Reynolds American
", NC,1,145
"Associate Scientist / Sr. Associate Scientist, Antibody Discovery",4.0,"23andMe
4.0","South San Francisco, CA",501 to 1000 employees,Company - Private,Biotech & Pharmaceuticals,Biotech & Pharmaceuticals,"Ancestry, Verily Life Sciences, Abbott Laboratories",0,0,59,125,92.0,23andMe, CA,0,14
Associate Data Analyst- Graduate Development Program,3.3,"National Interstate
3.3","Richfield, OH",501 to 1000 employees,Company - Private,Insurance Carriers,Insurance,-1,0,0,32,59,45.5,"National Interstate
", OH,1,31
Sr. Data Engineer,4.5,"Moser Consulting
4.5","Indianapolis, IN",51 to 200 employees,Company - Private,Consulting,Business Services,-1,0,0,87,158,122.5,"Moser Consulting
", IN,1,24
Clinical Data Analyst,3.0,"Greenway Health
3.0","Tampa, FL",1001 to 5000 employees,Subsidiary or Business Segment,Enterprise Software & Network Solutions,Information Technology,"eClinicalWorks, NextGen Healthcare, athenahealth",0,0,27,48,37.5,"Greenway Health
", FL,1,43
IT Associate Data Analyst,3.7,"The Hanover Insurance Group
3.7","Worcester, MA",5001 to 10000 employees,Company - Public,Insurance Carriers,Insurance,-1,0,0,39,69,54.0,"The Hanover Insurance Group
", MA,1,168
Business Data Analyst,3.8,"Fareportal
3.8","New York, NY",1001 to 5000 employees,Company - Private,Travel Agencies,Travel & Tourism,"Expedia Group, Orbitz Worldwide, Priceline.com",0,0,36,71,53.5,"Fareportal
", NY,1,18
Senior Insurance Data Scientist,3.9,"TransUnion
3.9","Chicago, IL",5001 to 10000 employees,Company - Public,Financial Analytics & Research,Finance,-1,0,0,107,173,140.0,"TransUnion
", IL,1,52
Senior Data Science Systems Engineer,3.2,"MITRE
3.2","Hampton, VA",5001 to 10000 employees,Nonprofit Organization,Federal Agencies,Government,"Battelle, General Atomics, SAIC",0,0,56,99,77.5,"MITRE
", VA,0,62
ENVIRONMENTAL ENGINEER/SCIENTIST,3.3,"Mcphail Associates
3.3","Cambridge, MA",1 to 50 employees,Company - Private,Construction,"Construction, Repair & Maintenance",-1,1,1,25,28,26.5,"Mcphail Associates
", MA,1,44
Senior Scientist - Regulatory Submissions,3.1,"Reynolds American
3.1","Winston-Salem, NC",5001 to 10000 employees,Company - Private,Consumer Products Manufacturing,Manufacturing,-1,0,0,80,155,117.5,"Reynolds American
", NC,1,145
Scientist - Biomarker and Flow Cytometry,2.4,"Crown Bioscience
2.4","San Diego, CA",501 to 1000 employees,Company - Private,Biotech & Pharmaceuticals,Biotech & Pharmaceuticals,-1,0,0,43,98,70.5,"Crown Bioscience
", CA,1,14
Revenue Analytics Manager,4.8,"HOVER
4.8","San Francisco, CA",51 to 200 employees,Company - Private,Computer Hardware & Software,Information Technology,-1,0,0,45,78,61.5,"HOVER
", CA,1,9
Sr. Scientist Method Development,2.9,"Q2 Solutions
2.9","Marietta, GA",1001 to 5000 employees,Company - Private,Biotech & Pharmaceuticals,Biotech & Pharmaceuticals,-1,0,0,50,110,80.0,Q2 Solutions, GA,0,5
"Associate Scientist, LC/MS Biologics",2.9,"Q2 Solutions
2.9","Ithaca, NY",1001 to 5000 employees,Company - Private,Biotech & Pharmaceuticals,Biotech & Pharmaceuticals,-1,0,0,44,96,70.0,Q2 Solutions, NY,0,5
"Research Scientist, Immunology - Cancer Biology",-1.0,Kronos Bio,"Cambridge, MA",Unknown,Company - Private,-1,-1,-1,0,1,100,140,120.0,Kronos Bio, MA,0,-1
IT - Data Engineer II,3.4,"Arbella Insurance
3.4","Quincy, MA",1001 to 5000 employees,Company - Private,Insurance Carriers,Insurance,-1,0,0,61,119,90.0,"Arbella Insurance
", MA,1,32
Machine Learning Engineer (NLP),4.1,"CK-12 Foundation
4.1","Palo Alto, CA",1 to 50 employees,Company - Private,K-12 Education,Education,-1,0,0,80,142,111.0,CK-12 Foundation, CA,1,13
Senior Data Analyst,3.9,"Life360
3.9","San Francisco, CA",51 to 200 employees,Company - Public,Computer Hardware & Software,Information Technology,-1,0,0,99,178,138.5,Life360, CA,1,12
Data Science Project Manager,3.6,"MassMutual
3.6","Boston, MA",5001 to 10000 employees,Company - Private,Insurance Carriers,Insurance,-1,0,0,37,100,68.5,"MassMutual
", MA,0,169
Data Engineer,3.9,"Fivestars
3.9","San Francisco, CA",201 to 500 employees,Company - Private,Internet,Information Technology,"Belly, SpotOn",0,0,62,113,87.5,"Fivestars
", CA,1,9
"Principal, Data Science - Advanced Analytics",3.6,"IQVIA
3.6","Plymouth Meeting, PA",10000+ employees,Company - Public,Biotech & Pharmaceuticals,Biotech & Pharmaceuticals,"PPD, INC Research, PRA Health Sciences",0,0,86,137,111.5,"IQVIA
", PA,0,3
"Sr Scientist, Immuno-Oncology - Oncology",3.9,"GSK
3.9","Cambridge, MA",10000+ employees,Company - Public,Biotech & Pharmaceuticals,Biotech & Pharmaceuticals,"Pfizer, AstraZeneca, Merck",0,0,58,111,84.5,"GSK
", MA,0,190
Senior Data Engineer,4.4,"Eventbrite
4.4","Nashville, TN",1001 to 5000 employees,Company - Public,Internet,Information Technology,"See Tickets, TicketWeb, Vendini",0,0,72,133,102.5,"Eventbrite
", TN,0,14
"Project Scientist - Auton Lab, Robotics Institute",2.6,"Software Engineering Institute
2.6","Pittsburgh, PA",501 to 1000 employees,College / University,Colleges & Universities,Education,-1,0,0,56,91,73.5,"Software Engineering Institute
", PA,1,36
Data Science Manager,3.2,"Numeric, LLC
3.2","Allentown, PA",1 to 50 employees,Company - Private,Staffing & Outsourcing,Business Services,-1,0,0,95,160,127.5,"Numeric, LLC
", PA,0,-1
Research Scientist  Security and Privacy,3.6,"Riverside Research Institute
3.6","Beavercreek, OH",501 to 1000 employees,Nonprofit Organization,Federal Agencies,Government,-1,0,0,61,126,93.5,"Riverside Research Institute
", OH,0,53